,Unnamed: 0.5,Unnamed: 0.4,Unnamed: 0.3,Unnamed: 0.2,Unnamed: 0.1,Unnamed: 0,membrane,solvent,solute_smiles,secondary_solute_smiles,secondary_solute_ratio,pressure,temperature,permeance,process_configuration,solute_category,membrane_family,mwco,contact_angle,zeta_potential,contact_angle_missing,zeta_potential_missing,solvent_smiles,solvent_mw,solvent_logp,solvent_viscosity,solvent_density,solvent_dielectric_constant,solvent_dd,solvent_dp,solvent_dh,solvent_molar_volume,solute_mw,solute_logp,secondary_solute_mw,secondary_solute_logp,membrane_SM122,membrane_DM500,membrane_PMPerformance,membrane_DM300,membrane_SS150101,membrane_SS336,membrane_GMT-oNF-2,membrane_DM150,process_configuration_CF,process_configuration_DE,rejection_mcmpnn_combi_v42a_fold3,rejection_mcmpnn_combi_v42a_fold1,rejection_mcmpnn_combi_v42a_fold2,rejection_mcmpnn_combi_v42a_fold4,rejection_mcmpnn_combi_v42a_fold0,mcmpnn_rejection_mean_predicted,mcmpnn_rejection_ci_lower,mcmpnn_rejection_ci_upper
0,0,0,0,0,0,0,PMPerformance,Toluene,[Mg++].[O-]S(=O)(=O)C(F)(F)F.[O-]S(=O)(=O)C(F)(F)F,[Mg++].[O-]S(=O)(=O)C(F)(F)F.[O-]S(=O)(=O)C(F)(F)F,0.5,30,25,0.717,CF,metal_catalyst,PM,300,-1.0,0.0,1,1,Cc1ccccc1,92.141,2.73,0.59,867.0,2.38,18.0,1.4,2.0,106.8,322.4429999999999,-0.2779999999999998,322.4429999999999,-0.2779999999999998,0,0,1,0,0,0,0,0,1,0,0.800321,0.4468304,0.36193055,0.38145572,0.8305501,0.5642175540000001,0.27649723488817346,0.8519378731118267
1,1,1,1,1,1,1,PMPerformance,Toluene,C1=C\CC/C=C\CC/1.[Cl-].[Ir+].[Cl-].[Ir+].C2=C\CC/C=C\CC/2,C1=C\CC/C=C\CC/1.[Cl-].[Ir+].[Cl-].[Ir+].C2=C\CC/C=C\CC/2,0.5,30,25,0.717,CF,metal_catalyst,PM,300,-1.0,0.0,1,1,Cc1ccccc1,92.141,2.73,0.59,867.0,2.38,18.0,1.4,2.0,106.8,671.7079999999997,-0.6513999999999978,671.7079999999997,-0.6513999999999978,0,0,1,0,0,0,0,0,1,0,0.75871736,0.39676088,0.7005624,0.8027565,0.75010556,0.6817805399999999,0.4788798290542347,0.8846812509457651
2,2,2,2,2,2,2,PMPerformance,Toluene,CC(c1c(OC)c(C(C)(C)C)cc([P]2(c3ccc(OCO4)c4c3c5c6c(OCO6)ccc5[P](c7cc(C(C)(C)C)c(OC)c(C(C)(C)C)c7)(c8cc(C(C)(C)C)c(OC)c(C(C)(C)C)c8)[Ir+]2)c9cc(C(C)(C)C)c(OC)c(C(C)(C)C)c9)c1)(C)C,CC(c1c(OC)c(C(C)(C)C)cc([P]2(c3ccc(OCO4)c4c3c5c6c(OCO6)ccc5[P](c7cc(C(C)(C)C)c(OC)c(C(C)(C)C)c7)(c8cc(C(C)(C)C)c(OC)c(C(C)(C)C)c8)[Ir+]2)c9cc(C(C)(C)C)c(OC)c(C(C)(C)C)c9)c1)(C)C,0.5,30,25,0.717,CF,metal_catalyst,PM,300,-1.0,0.0,1,1,Cc1ccccc1,92.141,2.73,0.59,867.0,2.38,18.0,1.4,2.0,106.8,1371.770999999998,16.739299999999968,1371.770999999998,16.739299999999968,0,0,1,0,0,0,0,0,1,0,0.8950467,0.9875357,0.90406585,0.7855916,0.8344854,0.88134505,0.7864877428487141,0.9762023571512858
3,3,3,3,3,3,3,PMPerformance,Toluene,CC(c1cc(C=[N]2[C@H]3CCCC[C@@H]3[N]4=Cc5cc(C(C)(C)C)cc(C(C)(C)C)c5O[Mn]42(Cl)O6)c6c(C(C)(C)C)c1)(C)C,CC(c1cc(C=[N]2[C@H]3CCCC[C@@H]3[N]4=Cc5cc(C(C)(C)C)cc(C(C)(C)C)c5O[Mn]42(Cl)O6)c6c(C(C)(C)C)c1)(C)C,0.5,30,25,0.717,CF,metal_catalyst,PM,300,-1.0,0.0,1,1,Cc1ccccc1,92.141,2.73,0.59,867.0,2.38,18.0,1.4,2.0,106.8,635.2149999999999,10.098999999999997,635.2149999999999,10.098999999999997,0,0,1,0,0,0,0,0,1,0,0.8551268,0.8608302,0.879737,0.8202222,0.8232064,0.84782452,0.8161145431363945,0.8795344968636054
4,4,4,4,4,4,4,PMPerformance,Toluene,CC(c1c2c([P]3(c4ccccc4)c5ccccc5)ccc1)(c6c(O2)c([P]([Rh+]73O[C-](C=C(C)O7)C)(c8ccccc8)c9ccccc9)ccc6)C,CC(c1c2c([P]3(c4ccccc4)c5ccccc5)ccc1)(c6c(O2)c([P]([Rh+]73O[C-](C=C(C)O7)C)(c8ccccc8)c9ccccc9)ccc6)C,0.5,30,25,0.717,CF,metal_catalyst,PM,300,-1.0,0.0,1,1,Cc1ccccc1,92.141,2.73,0.59,867.0,2.38,18.0,1.4,2.0,106.8,780.6470000000002,9.035990000000002,780.6470000000002,9.035990000000002,0,0,1,0,0,0,0,0,1,0,0.9129702,0.8827896,0.9119667,0.92407167,0.9176136,0.909882354,0.8901617209384544,0.9296029870615455
5,5,5,5,5,5,5,PMPerformance,Toluene,CC([O+]1[Ru]([C-]2N(CCN2c3c(C)cc(C)cc3C)c4c(C)cc(C)cc4C)(Cl)(Cl)=Cc5cc(c6cc(C)c(O[Si](C(C)(C)C)(C)C)c(C)c6)ccc51)C,CC([O+]1[Ru]([C-]2N(CCN2c3c(C)cc(C)cc3C)c4c(C)cc(C)cc4C)(Cl)(Cl)=Cc5cc(c6cc(C)c(O[Si](C(C)(C)C)(C)C)c(C)c6)ccc51)C,0.5,30,25,0.717,CF,metal_catalyst,PM,300,-1.0,0.0,1,1,Cc1ccccc1,92.141,2.73,0.59,867.0,2.38,18.0,1.4,2.0,106.8,861.0489999999998,13.428849999999976,861.0489999999998,13.428849999999976,0,0,1,0,0,0,0,0,1,0,0.92528963,0.92686987,0.9625517,0.8707702,0.90042984,0.9171822479999999,0.8748349145631468,0.9595295814368531
6,6,6,6,6,6,6,PMPerformance,Toluene,CC(C[Si]1(O[Si](CC(C)C)(O2)O[Si](CCCNC(OCCc3ccc(OC(C)C)c(C=[Ru](Cl)(Cl)=C4N(c5c(C)cc(C)cc5C)CCN4c6c(C)cc(C)cc6C)c3)=O)(O7)O8)O[Si]9(CC(C)C)O[Si]2(CC(C)C)O[Si]7(CC(C)C)O[Si](O9)(CC(C)C)O[Si]8(CC(C)C)O1)C,CC(C[Si]1(O[Si](CC(C)C)(O2)O[Si](CCCNC(OCCc3ccc(OC(C)C)c(C=[Ru](Cl)(Cl)=C4N(c5c(C)cc(C)cc5C)CCN4c6c(C)cc(C)cc6C)c3)=O)(O7)O8)O[Si]9(CC(C)C)O[Si]2(CC(C)C)O[Si]7(CC(C)C)O[Si](O9)(CC(C)C)O[Si]8(CC(C)C)O1)C,0.5,30,25,0.717,CF,metal_catalyst,PM,300,-1.0,0.0,1,1,Cc1ccccc1,92.141,2.73,0.59,867.0,2.38,18.0,1.4,2.0,106.8,1571.2729999999983,16.079519999999967,1571.2729999999983,16.079519999999967,0,0,1,0,0,0,0,0,1,0,0.91739607,0.89013755,0.9253094,0.98232824,0.6691129,0.876856832,0.7267627927621966,1.0269508712378033
7,7,7,7,7,7,7,PMPerformance,Toluene,CC(C)Oc1ccccc1C=[Ru](Cl)(Cl)=C2N(CCN2c3c(C)cc(C)cc3C)c4c(C)cc(C)cc4C,CC(C)Oc1ccccc1C=[Ru](Cl)(Cl)=C2N(CCN2c3c(C)cc(C)cc3C)c4c(C)cc(C)cc4C,0.5,30,25,0.717,CF,metal_catalyst,PM,300,-1.0,0.0,1,1,Cc1ccccc1,92.141,2.73,0.59,867.0,2.38,18.0,1.4,2.0,106.8,626.634,8.050320000000008,626.634,8.050320000000008,0,0,1,0,0,0,0,0,1,0,0.9034362,0.9057649,0.9326471,0.8741431,0.90799564,0.9047973880000001,0.8789875749151121,0.930607201084888
8,8,8,8,8,8,8,PMPerformance,Toluene,CC(C)c1cc(CN(C2CCCCC2)C3CCCCC3)cc(C(C)C)c1N(/C4=[Pd](Cl)\C/C=C\c5ccccc5)CCN4c6c(C(C)C)cc(CN(C7CCCCC7)C8CCCCC8)cc6C(C)C,CC(C)c1cc(CN(C2CCCCC2)C3CCCCC3)cc(C(C)C)c1N(/C4=[Pd](Cl)\C/C=C\c5ccccc5)CCN4c6c(C(C)C)cc(CN(C7CCCCC7)C8CCCCC8)cc6C(C)C,0.5,30,25,0.717,CF,metal_catalyst,PM,300,-1.0,0.0,1,1,Cc1ccccc1,92.141,2.73,0.59,867.0,2.38,18.0,1.4,2.0,106.8,1036.3269999999989,17.432699999999972,1036.3269999999989,17.432699999999972,0,0,1,0,0,0,0,0,1,0,0.9666161,0.9528307,1.0,0.91593075,0.93731046,0.954537602,0.9152585240119909,0.9938166799880092
9,9,9,9,9,9,9,PMPerformance,Toluene,CC(O[Co+3]12(OC(C)=C[C-](O1)C)(OC(C)=C[C-](O2)C)O3)=C[C-]3C,CC(O[Co+3]12(OC(C)=C[C-](O1)C)(OC(C)=C[C-](O2)C)O3)=C[C-]3C,0.5,30,25,0.717,CF,metal_catalyst,PM,300,-1.0,0.0,1,1,Cc1ccccc1,92.141,2.73,0.59,867.0,2.38,18.0,1.4,2.0,106.8,356.2600000000001,4.209170000000004,356.2600000000001,4.209170000000004,0,0,1,0,0,0,0,0,1,0,0.60839885,0.19025192,0.33172977,0.33573645,0.28844205,0.350911808,0.15794199297391148,0.5438816230260886
10,10,10,10,10,10,10,PMPerformance,Toluene,O=C([O-][Pd]([P](c1ccccc1)(c2ccccc2)c3ccccc3)[P](c4ccccc4)(c5ccccc5)c6ccccc6)C,O=C([O-][Pd]([P](c1ccccc1)(c2ccccc2)c3ccccc3)[P](c4ccccc4)(c5ccccc5)c6ccccc6)C,0.5,30,25,0.717,CF,metal_catalyst,PM,300,-1.0,0.0,1,1,Cc1ccccc1,92.141,2.73,0.59,867.0,2.38,18.0,1.4,2.0,106.8,690.0480000000001,5.643300000000005,690.0480000000001,5.643300000000005,0,0,1,0,0,0,0,0,1,0,0.88091373,0.8731073,0.911417,0.91349506,0.9148903,0.898764678,0.8738225372043454,0.9237068187956546
11,11,11,11,11,11,11,PMPerformance,Toluene,c1([P](c2ccccc2)([Pd][P](c3ccccc3)(c4ccccc4)c5ccccc5)c6ccccc6)ccccc1,c1([P](c2ccccc2)([Pd][P](c3ccccc3)(c4ccccc4)c5ccccc5)c6ccccc6)ccccc1,0.5,30,25,0.717,CF,metal_catalyst,PM,300,-1.0,0.0,1,1,Cc1ccccc1,92.141,2.73,0.59,867.0,2.38,18.0,1.4,2.0,106.8,631.0040000000002,6.8871000000000056,631.0040000000002,6.8871000000000056,0,0,1,0,0,0,0,0,1,0,0.88911694,0.87905663,0.92603666,0.9159384,0.93129057,0.9082878400000001,0.8796711594867537,0.9369045205132465
12,12,12,12,12,12,12,PMPerformance,Toluene,CC(O[Pd]([P](c1ccc(c2c(C(C)C)cc(C(C)C)cc2C(C)C)cc1)(C3CCCCC3)C4CCCCC4)(OC(C)=O)[P](c5ccc(c6c(C(C)C)cc(C(C)C)cc6C(C)C)cc5)(C7CCCCC7)C8CCCCC8)=O,CC(O[Pd]([P](c1ccc(c2c(C(C)C)cc(C(C)C)cc2C(C)C)cc1)(C3CCCCC3)C4CCCCC4)(OC(C)=O)[P](c5ccc(c6c(C(C)C)cc(C(C)C)cc6C(C)C)cc5)(C7CCCCC7)C8CCCCC8)=O,0.5,30,25,0.717,CF,metal_catalyst,PM,300,-1.0,0.0,1,1,Cc1ccccc1,92.141,2.73,0.59,867.0,2.38,18.0,1.4,2.0,106.8,1177.966,21.0179,1177.966,21.0179,0,0,1,0,0,0,0,0,1,0,0.95644474,0.99285114,1.0,0.8963894,0.92707515,0.954552086,0.9001670872945757,1.0089370847054242
13,13,13,13,13,13,13,PMPerformance,Toluene,CC(O[Pd]1([P](c2ccccc2)(c3ccccc3)c4cc5ccccc5cc4c6cc7ccccc7cc6[P]1(c8ccccc8)c9ccccc9)OC(C)=O)=O,CC(O[Pd]1([P](c2ccccc2)(c3ccccc3)c4cc5ccccc5cc4c6cc7ccccc7cc6[P]1(c8ccccc8)c9ccccc9)OC(C)=O)=O,0.5,30,25,0.717,CF,metal_catalyst,PM,300,-1.0,0.0,1,1,Cc1ccccc1,92.141,2.73,0.59,867.0,2.38,18.0,1.4,2.0,106.8,847.1960000000003,9.201500000000005,847.1960000000003,9.201500000000005,0,0,1,0,0,0,0,0,1,0,0.9060565,0.8849387,0.96358967,0.92157185,0.9457753,0.924386404,0.8856432569605337,0.9631295510394664
14,14,14,14,14,14,14,PMPerformance,Toluene,CC(O[Pd]OC(C)=O)=O,CC(O[Pd]OC(C)=O)=O,0.5,30,25,0.717,CF,metal_catalyst,PM,300,-1.0,0.0,1,1,Cc1ccccc1,92.141,2.73,0.59,867.0,2.38,18.0,1.4,2.0,106.8,224.508,0.0250999999999999,224.508,0.0250999999999999,0,0,1,0,0,0,0,0,1,0,0.6707473,0.61305946,0.63138354,0.39573282,0.69692385,0.601569394,0.4530001909925657,0.7501385970074342
15,15,15,15,15,15,15,PMPerformance,Toluene,CC(O[Rh+]([C]=O)([C]=O)O1)=C[C-]1C,CC(O[Rh+]([C]=O)([C]=O)O1)=C[C-]1C,0.5,30,25,0.717,CF,metal_catalyst,PM,300,-1.0,0.0,1,1,Cc1ccccc1,92.141,2.73,0.59,867.0,2.38,18.0,1.4,2.0,106.8,258.035,0.60719,258.035,0.60719,0,0,1,0,0,0,0,0,1,0,0.66761166,0.560334,0.540774,0.3877866,0.5940392,0.550109092,0.42245753008762976,0.6777606539123703
16,16,16,16,16,16,16,PMPerformance,Toluene,CC1=C[C-](C)O[Rh+]([P](c2ccccc2)(c3ccccc3)c4ccccc4)([P](c5ccccc5)(c6ccccc6)c7ccccc7)O1,CC1=C[C-](C)O[Rh+]([P](c2ccccc2)(c3ccccc3)c4ccccc4)([P](c5ccccc5)(c6ccccc6)c7ccccc7)O1,0.5,30,25,0.717,CF,metal_catalyst,PM,300,-1.0,0.0,1,1,Cc1ccccc1,92.141,2.73,0.59,867.0,2.38,18.0,1.4,2.0,106.8,726.5990000000002,8.290990000000008,726.5990000000002,8.290990000000008,0,0,1,0,0,0,0,0,1,0,0.9074893,0.8782379,0.8714473,0.92418396,0.92262614,0.90079692,0.8701390942351686,0.9314547457648314
17,17,17,17,17,17,17,PMPerformance,Toluene,CC(C)Oc1c(C=[Ru]([P](C2CCCCC2)(C3CCCCC3)C4CCCCC4)(Cl)Cl)cccc1,CC(C)Oc1c(C=[Ru]([P](C2CCCCC2)(C3CCCCC3)C4CCCCC4)(Cl)Cl)cccc1,0.5,30,25,0.717,CF,metal_catalyst,PM,300,-1.0,0.0,1,1,Cc1ccccc1,92.141,2.73,0.59,867.0,2.38,18.0,1.4,2.0,106.8,600.6170000000005,10.016299999999994,600.6170000000005,10.016299999999994,0,0,1,0,0,0,0,0,1,0,0.9078042,0.9324851,0.926579,0.8847314,0.9173738,0.9137946999999998,0.8905144037127535,0.9370749962872462
18,18,18,18,18,18,18,PMPerformance,Toluene,Cc1cc(C)c(N2CCN(C2=[Ru](Cl)(Cl)([P](C3CCCCC3)(C4CCCCC4)C5CCCCC5)=C6C=C(C7=CC=CC=C76)c8ccccc8)c9c(C)cc(C)cc9C)c(C)c1,Cc1cc(C)c(N2CCN(C2=[Ru](Cl)(Cl)([P](C3CCCCC3)(C4CCCCC4)C5CCCCC5)=C6C=C(C7=CC=CC=C76)c8ccccc8)c9c(C)cc(C)cc9C)c(C)c1,0.5,30,25,0.717,CF,metal_catalyst,PM,300,-1.0,0.0,1,1,Cc1ccccc1,92.141,2.73,0.59,867.0,2.38,18.0,1.4,2.0,106.8,949.1099999999996,15.545019999999964,949.1099999999996,15.545019999999964,0,0,1,0,0,0,0,0,1,0,0.9539986,0.9601923,1.0,0.9050374,0.94179595,0.95220485,0.9097129617984036,0.9946967382015964
19,19,19,19,19,19,19,PMPerformance,Toluene,Cc1c([P]([Pd](OC(C)=O)([P](c2c(C)cccc2)(c3c(C)cccc3)c4c(C)cccc4)OC(C)=O)(c5c(C)cccc5)c6c(C)cccc6)cccc1,Cc1c([P]([Pd](OC(C)=O)([P](c2c(C)cccc2)(c3c(C)cccc3)c4c(C)cccc4)OC(C)=O)(c5c(C)cccc5)c6c(C)cccc6)cccc1,0.5,30,25,0.717,CF,metal_catalyst,PM,300,-1.0,0.0,1,1,Cc1ccccc1,92.141,2.73,0.59,867.0,2.38,18.0,1.4,2.0,106.8,833.2540000000001,8.765220000000003,833.2540000000001,8.765220000000003,0,0,1,0,0,0,0,0,1,0,0.90994656,0.9212481,0.904143,0.8815143,0.9130826,0.905986912,0.887349123752026,0.924624700247974
20,20,20,20,20,20,20,PMPerformance,Toluene,Cl[Pd]([P](c1ccccc1)(c2ccccc2)c3ccccc3)(Cl)[P](c4ccccc4)(c5ccccc5)c6ccccc6,Cl[Pd]([P](c1ccccc1)(c2ccccc2)c3ccccc3)(Cl)[P](c4ccccc4)(c5ccccc5)c6ccccc6,0.5,30,25,0.717,CF,metal_catalyst,PM,300,-1.0,0.0,1,1,Cc1ccccc1,92.141,2.73,0.59,867.0,2.38,18.0,1.4,2.0,106.8,701.9100000000001,8.266100000000007,701.9100000000001,8.266100000000007,0,0,1,0,0,0,0,0,1,0,0.91814566,0.9104725,0.9111511,0.9268111,0.9344257,0.920201212,0.90737529263822,0.9330271313617801
21,21,21,21,21,21,21,PMPerformance,Toluene,Cl[Ru](=Cc1ccccc1OC(C)C(C)=O)(Cl)=C2N(CCN2c3c(C)cc(C)cc3C)c4c(C)cc(C)cc4C,Cl[Ru](=Cc1ccccc1OC(C)C(C)=O)(Cl)=C2N(CCN2c3c(C)cc(C)cc3C)c4c(C)cc(C)cc4C,0.5,30,25,0.717,CF,metal_catalyst,PM,300,-1.0,0.0,1,1,Cc1ccccc1,92.141,2.73,0.59,867.0,2.38,18.0,1.4,2.0,106.8,654.6440000000001,7.619420000000009,654.6440000000001,7.619420000000009,0,0,1,0,0,0,0,0,1,0,0.89389575,0.9001136,0.93149257,0.86391455,0.9087241,0.8996281140000001,0.8691716699804548,0.9300845580195454
22,22,22,22,22,22,22,PMPerformance,Toluene,Cl[Ru]1([P](c2ccccc2)(c(c3c4c([P]1(c5ccccc5)c6ccccc6)ccc7ccccc47)ccc8c3cccc8)c9ccccc9)Cl,Cl[Ru]1([P](c2ccccc2)(c(c3c4c([P]1(c5ccccc5)c6ccccc6)ccc7ccccc47)ccc8c3cccc8)c9ccccc9)Cl,0.5,30,25,0.717,CF,metal_catalyst,PM,300,-1.0,0.0,1,1,Cc1ccccc1,92.141,2.73,0.59,867.0,2.38,18.0,1.4,2.0,106.8,794.6640000000001,10.55289999999999,794.6640000000001,10.55289999999999,0,0,1,0,0,0,0,0,1,0,0.9329787,0.91330904,0.9696624,0.93986815,0.9549812,0.9421598980000001,0.915509698869294,0.9688100971307062
23,23,23,23,23,23,23,PMPerformance,Toluene,COc1cc(c2cc(OC)cc(C(C)(C)C)c2O[P]34Oc5c(c6c(O3)cccc6)cccc5)c(O[P]7(Oc8c(c9c(O7)cccc9)cccc8)[Rh+]4%10O[C-](C=C(C)O%10)C)c(C(C)(C)C)c1,COc1cc(c2cc(OC)cc(C(C)(C)C)c2O[P]34Oc5c(c6c(O3)cccc6)cccc5)c(O[P]7(Oc8c(c9c(O7)cccc9)cccc8)[Rh+]4%10O[C-](C=C(C)O%10)C)c(C(C)(C)C)c1,0.5,30,25,0.717,CF,metal_catalyst,PM,300,-1.0,0.0,1,1,Cc1ccccc1,92.141,2.73,0.59,867.0,2.38,18.0,1.4,2.0,106.8,988.813,14.855389999999968,988.813,14.855389999999968,0,0,1,0,0,0,0,0,1,0,0.90403163,0.88243,0.9120147,0.90447,0.8139401,0.883377286,0.8332702351891329,0.9334843368108671
24,24,24,24,24,24,24,PMPerformance,Toluene,COc1c(c2c(OC)cccc2[P](c3cc(C(C)(C)C)c(OC)c(C(C)(C)C)c3)([Ir+][P]4(c5cc(C(C)(C)C)c(OC)c(C(C)(C)C)c5)c6cc(C(C)(C)C)c(OC)c(C(C)(C)C)c6)c7cc(C(C)(C)C)c(OC)c(C(C)(C)C)c7)c4ccc1,COc1c(c2c(OC)cccc2[P](c3cc(C(C)(C)C)c(OC)c(C(C)(C)C)c3)([Ir+][P]4(c5cc(C(C)(C)C)c(OC)c(C(C)(C)C)c5)c6cc(C(C)(C)C)c(OC)c(C(C)(C)C)c6)c7cc(C(C)(C)C)c(OC)c(C(C)(C)C)c7)c4ccc1,0.5,30,25,0.717,CF,metal_catalyst,PM,300,-1.0,0.0,1,1,Cc1ccccc1,92.141,2.73,0.59,867.0,2.38,18.0,1.4,2.0,106.8,1343.804999999998,17.299099999999974,1343.804999999998,17.299099999999974,0,0,1,0,0,0,0,0,1,0,0.9101233,0.99462914,0.91681087,0.8752843,0.9110714,0.921583802,0.8669509392815166,0.9762166647184835
25,25,25,25,25,25,25,PMPerformance,Toluene,O.O=[W](=O)=O.O=[W](=O)=O.O=[W](=O)=O.O=[W](=O)=O.O=[W](=O)=O.O=[W](=O)=O.O=[W](=O)=O.O=[W](=O)=O.O=[W](=O)=O.O=[W](=O)=O.O=[W](=O)=O.O=[W](=O)=O.OP(O)(O)=O,O.O=[W](=O)=O.O=[W](=O)=O.O=[W](=O)=O.O=[W](=O)=O.O=[W](=O)=O.O=[W](=O)=O.O=[W](=O)=O.O=[W](=O)=O.O=[W](=O)=O.O=[W](=O)=O.O=[W](=O)=O.O=[W](=O)=O.OP(O)(O)=O,0.5,30,25,0.717,CF,metal_catalyst,PM,300,-1.0,0.0,1,1,Cc1ccccc1,92.141,2.73,0.59,867.0,2.38,18.0,1.4,2.0,106.8,2898.052999999997,-6.060099999999995,2898.052999999997,-6.060099999999995,0,0,1,0,0,0,0,0,1,0,1.0,0.92243886,1.0,1.0,1.0,0.9844877719999999,0.9414189224986876,1.027556621501312
26,26,26,26,26,26,26,PMPerformance,Toluene,O=C(O[Pd]1([P](CCCC[P]1(c2ccccc2)c3ccccc3)(c4ccccc4)c5ccccc5)OC(C(F)(F)F)=O)C(F)(F)F,O=C(O[Pd]1([P](CCCC[P]1(c2ccccc2)c3ccccc3)(c4ccccc4)c5ccccc5)OC(C(F)(F)F)=O)C(F)(F)F,0.5,30,25,0.717,CF,metal_catalyst,PM,300,-1.0,0.0,1,1,Cc1ccccc1,92.141,2.73,0.59,867.0,2.38,18.0,1.4,2.0,106.8,758.9280000000005,7.142300000000004,758.9280000000005,7.142300000000004,0,0,1,0,0,0,0,0,1,0,0.92098975,0.8647515,0.8789582,0.8970483,0.8861539,0.88958033,0.863362666654345,0.915797993345655
27,27,27,27,27,27,27,PMPerformance,Toluene,O=C(C)O[Pd]1([P](c2ccccc2)(c3ccccc3)CCC[P](c4ccccc4)1c5ccccc5)OC(C)=O,O=C(C)O[Pd]1([P](c2ccccc2)(c3ccccc3)CCC[P](c4ccccc4)1c5ccccc5)OC(C)=O,0.5,30,25,0.717,CF,metal_catalyst,PM,300,-1.0,0.0,1,1,Cc1ccccc1,92.141,2.73,0.59,867.0,2.38,18.0,1.4,2.0,106.8,636.9610000000002,5.667400000000005,636.9610000000002,5.667400000000005,0,0,1,0,0,0,0,0,1,0,0.87401617,0.8127402,0.84120107,0.892082,0.86203676,0.8564152399999999,0.818384569216838,0.8944459107831618
28,28,28,28,28,28,28,PMPerformance,Toluene,O=C(O[Pd]([P]1(c2ccccc2)c3ccccc3)(OC(C)=O)[P](c4ccccc4)(C5=C1C=CC=C5)c6ccccc6)C,O=C(O[Pd]([P]1(c2ccccc2)c3ccccc3)(OC(C)=O)[P](c4ccccc4)(C5=C1C=CC=C5)c6ccccc6)C,0.5,30,25,0.717,CF,metal_catalyst,PM,300,-1.0,0.0,1,1,Cc1ccccc1,92.141,2.73,0.59,867.0,2.38,18.0,1.4,2.0,106.8,670.9780000000002,5.228100000000005,670.9780000000002,5.228100000000005,0,0,1,0,0,0,0,0,1,0,0.867708,0.81724787,0.8634893,0.9146402,0.87414527,0.8674461279999999,0.8243989197536318,0.910493336246368
29,29,29,29,29,29,29,PMPerformance,Toluene,O=C[Rh]([P](c1ccccc1)(c2ccccc2)c3ccccc3)([H])([P](c4ccccc4)(c5ccccc5)c6ccccc6)[P](c7ccccc7)(c8ccccc8)c9ccccc9,O=C[Rh]([P](c1ccccc1)(c2ccccc2)c3ccccc3)([H])([P](c4ccccc4)(c5ccccc5)c6ccccc6)[P](c7ccccc7)(c8ccccc8)c9ccccc9,0.5,30,25,0.717,CF,metal_catalyst,PM,300,-1.0,0.0,1,1,Cc1ccccc1,92.141,2.73,0.59,867.0,2.38,18.0,1.4,2.0,106.8,919.8080000000002,9.7901,919.8080000000002,9.7901,0,0,1,0,0,0,0,0,1,0,0.91701627,0.939326,0.99501044,0.9535135,0.9795015,0.956873542,0.9182307733759766,0.9955163106240233
30,30,30,30,30,30,30,PMPerformance,Toluene,C1(C2=CC=CC=C23)=[N]([Ir]345([N]6=C(C7=CC=CC=C75)C=CC=C6)[N]8=C(C9=CC=CC=C94)C=CC=C8)C=CC=C1,C1(C2=CC=CC=C23)=[N]([Ir]345([N]6=C(C7=CC=CC=C75)C=CC=C6)[N]8=C(C9=CC=CC=C94)C=CC=C8)C=CC=C1,0.5,30,25,0.717,CF,metal_catalyst,PM,300,-1.0,0.0,1,1,Cc1ccccc1,92.141,2.73,0.59,867.0,2.38,18.0,1.4,2.0,106.8,654.7930000000002,5.767100000000005,654.7930000000002,5.767100000000005,0,0,1,0,0,0,0,0,1,0,0.9157878,0.95775014,0.78557396,0.902227,0.9371226,0.8996923000000001,0.8162597192282254,0.9831248807717748
31,31,31,31,31,31,31,PMPerformance,Toluene,CC(C)(C)C1=CC(C2=[N]3C=CC(C(C)(C)C)=C2)=[N]([Ir+]453([N]6=C(C7=C5C=CC=C7)C=CC=C6)C8=CC=CC=C8C9=CC=CC=[N]94)C=C1,CC(C)(C)C1=CC(C2=[N]3C=CC(C(C)(C)C)=C2)=[N]([Ir+]453([N]6=C(C7=C5C=CC=C7)C=CC=C6)C8=CC=CC=C8C9=CC=CC=[N]94)C=C1,0.5,30,25,0.717,CF,metal_catalyst,PM,300,-1.0,0.0,1,1,Cc1ccccc1,92.141,2.73,0.59,867.0,2.38,18.0,1.4,2.0,106.8,769.005,8.582500000000005,769.005,8.582500000000005,0,0,1,0,0,0,0,0,1,0,0.9470373,0.9781609,0.9598164,0.9330813,0.95781136,0.955181452,0.9344862417804468,0.9758766622195533
32,32,32,32,32,32,32,PMPerformance,Toluene,CC(C)(C)C1=CC=[N]([Ir+]23([N]4=C(C5=C3C=C(F)C=C5F)C=CC(C(F)(F)F)=C4)6C(C=C(C(F)(F)F)C=C7)=C7C8=C(F)C=C(F)C=[N]82)C(C9=[N]6C=CC(C(C)(C)C)=C9)=C1,CC(C)(C)C1=CC=[N]([Ir+]23([N]4=C(C5=C3C=C(F)C=C5F)C=CC(C(F)(F)F)=C4)6C(C=C(C(F)(F)F)C=C7)=C7C8=C(F)C=C(F)C=[N]82)C(C9=[N]6C=CC(C(C)(C)C)=C9)=C1,0.5,30,25,0.717,CF,metal_catalyst,PM,300,-1.0,0.0,1,1,Cc1ccccc1,92.141,2.73,0.59,867.0,2.38,18.0,1.4,2.0,106.8,976.959,11.176499999999988,976.959,11.176499999999988,0,0,1,0,0,0,0,0,1,0,0.95464885,1.0,1.0,0.9450939,0.91665435,0.9632794199999999,0.9181850492989698,1.00837379070103
33,33,33,33,33,33,33,PMPerformance,Toluene,FC(C(C=C1)=C[N]2=C1C3=CC=CC=[N]3[Ir+]245([N]6=CC=CC=C6C7=C5C=C(C(F)(F)F)C=C7)[N]8=C(C9=C4C=C(C(F)(F)F)C=C9)C=CC=C8)(F)F,FC(C(C=C1)=C[N]2=C1C3=CC=CC=[N]3[Ir+]245([N]6=CC=CC=C6C7=C5C=C(C(F)(F)F)C=C7)[N]8=C(C9=C4C=C(C(F)(F)F)C=C9)C=CC=C8)(F)F,0.5,30,25,0.717,CF,metal_catalyst,PM,300,-1.0,0.0,1,1,Cc1ccccc1,92.141,2.73,0.59,867.0,2.38,18.0,1.4,2.0,106.8,860.7800000000004,9.0439,860.7800000000004,9.0439,0,0,1,0,0,0,0,0,1,0,0.96412385,1.0,1.0,0.95228153,0.93167305,0.969615686,0.9322795188892817,1.0069518531107182
34,34,34,34,34,34,34,PMPerformance,Toluene,Fc1cc2c(c3c([Ir+]245(n6cccc(F)c6c7cc(C(C)(C)C)ccn75)n8c(c9c(F)cccn94)cc(C(C)(C)C)cc8)cc(F)cc3F)c(F)c1,Fc1cc2c(c3c([Ir+]245(n6cccc(F)c6c7cc(C(C)(C)C)ccn75)n8c(c9c(F)cccn94)cc(C(C)(C)C)cc8)cc(F)cc3F)c(F)c1,0.5,30,25,0.717,CF,metal_catalyst,PM,300,-1.0,0.0,1,1,Cc1ccccc1,92.141,2.73,0.59,867.0,2.38,18.0,1.4,2.0,106.8,876.9449999999999,9.478899999999998,876.9449999999999,9.478899999999998,0,0,1,0,0,0,0,0,1,0,0.87321615,0.85285366,0.88107044,0.89651954,0.82935274,0.8666025059999999,0.8341961094442079,0.8990089025557919
35,35,35,35,35,35,35,PMPerformance,Toluene,FC1=CC=C(C2=[N]([Ir+]345([N]6=CC=C(C(C)(C)C)C=C6C7=[N]5C=CC(C(C)(C)C)=C7)C8=C(C9=[N]4C=CC=C9)C=CC(F)=C8)C=CC=C2)C3=C1,FC1=CC=C(C2=[N]([Ir+]345([N]6=CC=C(C(C)(C)C)C=C6C7=[N]5C=CC(C(C)(C)C)=C7)C8=C(C9=[N]4C=CC=C9)C=CC(F)=C8)C=CC=C2)C3=C1,0.5,30,25,0.717,CF,metal_catalyst,PM,300,-1.0,0.0,1,1,Cc1ccccc1,92.141,2.73,0.59,867.0,2.38,18.0,1.4,2.0,106.8,804.9850000000001,8.860700000000003,804.9850000000001,8.860700000000003,0,0,1,0,0,0,0,0,1,0,0.9412296,0.9905038,0.97123504,0.9368857,0.94662696,0.9572962200000001,0.9289438837155295,0.9856485562844708
36,36,36,36,36,36,36,PMPerformance,Toluene,CC(C1=CC=C(C2=[N]([Ir+]345([N]6=CC=CC=C6C7=[N]5C=CC=C7)C8=C(C9=[N]4C=CC=C9)C=CC(C(C)(C)C)=C8)C=CC=C2)C3=C1)(C)C,CC(C1=CC=C(C2=[N]([Ir+]345([N]6=CC=CC=C6C7=[N]5C=CC=C7)C8=C(C9=[N]4C=CC=C9)C=CC(C(C)(C)C)=C8)C=CC=C2)C3=C1)(C)C,0.5,30,25,0.717,CF,metal_catalyst,PM,300,-1.0,0.0,1,1,Cc1ccccc1,92.141,2.73,0.59,867.0,2.38,18.0,1.4,2.0,106.8,769.005,8.582500000000005,769.005,8.582500000000005,0,0,1,0,0,0,0,0,1,0,0.94697016,0.9785092,0.9583236,0.9332002,0.9565719,0.954715012,0.9340729017365774,0.9753571222634225
37,37,37,37,37,37,37,PMPerformance,Toluene,n12ccccc1c3ccccn3[Ru+2]245(n6c(c7n5cccc7)cccc6)n8c(c9ccccn94)cccc8,n12ccccc1c3ccccn3[Ru+2]245(n6c(c7n5cccc7)cccc6)n8c(c9ccccn94)cccc8,0.5,30,25,0.717,CF,metal_catalyst,PM,300,-1.0,0.0,1,1,Cc1ccccc1,92.141,2.73,0.59,867.0,2.38,18.0,1.4,2.0,106.8,569.6340000000001,5.690300000000006,569.6340000000001,5.690300000000006,0,0,1,0,0,0,0,0,1,0,0.19548646,0.21209487,0.16680461,0.89572287,0.559552,0.40593216200000004,0.012040669200343357,0.7998236547996567
38,38,38,38,38,38,38,PMPerformance,Toluene,n12ccccc1c3ccccn3[Ru+2]245(n6c(c7n5cccc7)cccc6)n8c(c9ccccn94)cccc8,n12ccccc1c3ccccn3[Ru+2]245(n6c(c7n5cccc7)cccc6)n8c(c9ccccn94)cccc8,0.5,30,25,0.717,CF,metal_catalyst,PM,300,-1.0,0.0,1,1,Cc1ccccc1,92.141,2.73,0.59,867.0,2.38,18.0,1.4,2.0,106.8,569.6340000000001,5.690300000000006,569.6340000000001,5.690300000000006,0,0,1,0,0,0,0,0,1,0,0.19548649,0.21209484,0.1668047,0.89572287,0.559552,0.40593218000000003,0.012040708747181217,0.7998236512528188
39,39,39,39,39,39,39,PMPerformance,Toluene,n1([Ru+2]23(n4c5c(n3ccc6)c6ccc5ccc4)7n8cccc9ccc%10cccn2c%10c89)cccc%11ccc%12cccn7c%12c1%11,n1([Ru+2]23(n4c5c(n3ccc6)c6ccc5ccc4)7n8cccc9ccc%10cccn2c%10c89)cccc%11ccc%12cccn7c%12c1%11,0.5,30,25,0.717,CF,metal_catalyst,PM,300,-1.0,0.0,1,1,Cc1ccccc1,92.141,2.73,0.59,867.0,2.38,18.0,1.4,2.0,106.8,641.7,2.5283000000000007,641.7,2.5283000000000007,0,0,1,0,0,0,0,0,1,0,0.2670996,0.25401095,0.3167953,0.8823832,0.33206445,0.41047069999999997,0.08040114545966809,0.7405402545403319
40,40,40,40,40,40,40,PMPerformance,Toluene,n1([Ru+2]23(n4c5c(n3ccc6)c6ccc5ccc4)7n8cccc9ccc%10cccn2c%10c89)cccc%11ccc%12cccn7c%12c1%11,n1([Ru+2]23(n4c5c(n3ccc6)c6ccc5ccc4)7n8cccc9ccc%10cccn2c%10c89)cccc%11ccc%12cccn7c%12c1%11,0.5,30,25,0.717,CF,metal_catalyst,PM,300,-1.0,0.0,1,1,Cc1ccccc1,92.141,2.73,0.59,867.0,2.38,18.0,1.4,2.0,106.8,641.7,2.5283000000000007,641.7,2.5283000000000007,0,0,1,0,0,0,0,0,1,0,0.26709962,0.25401103,0.31679535,0.8823832,0.3320645,0.41047074000000006,0.08040121347152474,0.7405402665284754
41,41,41,41,41,41,41,PMPerformance,Toluene,CCCC[N+](CCCC)(CCCC)CCCC.CCCC[N+](CCCC)(CCCC)CCCC.CCCC[N+](CCCC)(CCCC)CCCC.CCCC[N+](CCCC)(CCCC)CCCC.[O-][W](=O)(=O)[O-].[O-][W](=O)(=O)[O-],CCCC[N+](CCCC)(CCCC)CCCC.CCCC[N+](CCCC)(CCCC)CCCC.CCCC[N+](CCCC)(CCCC)CCCC.CCCC[N+](CCCC)(CCCC)CCCC.[O-][W](=O)(=O)[O-].[O-][W](=O)(=O)[O-],0.5,30,25,0.717,CF,metal_catalyst,PM,300,-1.0,0.0,1,1,Cc1ccccc1,92.141,2.73,0.59,867.0,2.38,18.0,1.4,2.0,106.8,1465.555999999999,14.778199999999972,1465.555999999999,14.778199999999972,0,0,1,0,0,0,0,0,1,0,1.0,1.0,1.0,1.0,0.9447894,0.9889578800000001,0.9583000399749934,1.0196157200250069
42,42,42,42,42,42,42,PMPerformance,Toluene,c1(/C2=N/C3=N/C(c4ccccc43)=N\5)ccccc1/C(N2)=N/C6=N/C(c7ccccc76)=N\C8=c(cccc9)c9=C5N8,c1(/C2=N/C3=N/C(c4ccccc43)=N\5)ccccc1/C(N2)=N/C6=N/C(c7ccccc76)=N\C8=c(cccc9)c9=C5N8,0.5,30,25,0.717,CF,metal_catalyst,PM,300,-1.0,0.0,1,1,Cc1ccccc1,92.141,2.73,0.59,867.0,2.38,18.0,1.4,2.0,106.8,514.5520000000002,6.869200000000003,514.5520000000002,6.869200000000003,0,0,1,0,0,0,0,0,1,0,0.6117996,0.45880014,0.19424167,0.7008885,0.37244508,0.467634998,0.2200220754580849,0.7152479205419151
43,43,43,43,43,43,43,PMPerformance,Toluene,c1(c(cccc1)c2n3[Cu]45[N](C(c6ccccc67)=N8)=C7N=2)c3=NC9=[N]4C(c%10ccccc%109)=Nc%11n5c8c%12c%11cccc%12,c1(c(cccc1)c2n3[Cu]45[N](C(c6ccccc67)=N8)=C7N=2)c3=NC9=[N]4C(c%10ccccc%109)=Nc%11n5c8c%12c%11cccc%12,0.5,30,25,0.717,CF,metal_catalyst,PM,300,-1.0,0.0,1,1,Cc1ccccc1,92.141,2.73,0.59,867.0,2.38,18.0,1.4,2.0,106.8,576.0820000000003,4.848300000000004,576.0820000000003,4.848300000000004,0,0,1,0,0,0,0,0,1,0,0.45514867,0.21061495,0.31679952,0.7744281,0.39339086,0.43007641999999996,0.1655498782845155,0.6946029617154844
44,44,44,44,44,44,44,PMPerformance,Toluene,Cl[Ru]1(Cl)[P](c(c2c3c([P]1(c4ccccc4)c5ccccc5)ccc6c3cccc6)ccc7c2cccc7)(c8ccccc8)c9ccccc9,Cl[Ru]1(Cl)[P](c(c2c3c([P]1(c4ccccc4)c5ccccc5)ccc6c3cccc6)ccc7c2cccc7)(c8ccccc8)c9ccccc9,0.5,30,25,0.717,CF,metal_catalyst,PM,300,-1.0,0.0,1,1,Cc1ccccc1,92.141,2.73,0.59,867.0,2.38,18.0,1.4,2.0,106.8,794.6640000000001,10.552899999999994,794.6640000000001,10.552899999999994,0,0,1,0,0,0,0,0,1,0,0.9329787,0.91330904,0.96966237,0.9398681,0.9549812,0.942159882,0.9155096931448115,0.9688100708551886
45,45,45,45,45,45,45,PMPerformance,Toluene,CC[C@@H]1[P]2([C@H](CC1)CC)c3c([P]4([C@H](CC[C@@H]4CC)CC)[Rh+]2)cccc3.O=[S-](OC(F)(F)F)=O.C5/C=C\CC/C=C\C5,CC[C@@H]1[P]2([C@H](CC1)CC)c3c([P]4([C@H](CC[C@@H]4CC)CC)[Rh+]2)cccc3.O=[S-](OC(F)(F)F)=O.C5/C=C\CC/C=C\C5,0.5,30,25,0.717,CF,metal_catalyst,PM,300,-1.0,0.0,1,1,Cc1ccccc1,92.141,2.73,0.59,867.0,2.38,18.0,1.4,2.0,106.8,722.637,10.020399999999997,722.637,10.020399999999997,0,0,1,0,0,0,0,0,1,0,0.9272315,0.8493239,0.93259954,0.89269376,0.90877116,0.9021239719999998,0.8605694373542885,0.9436785066457112
46,46,46,46,46,46,46,PMPerformance,Toluene,CC(C)Oc1ccccc1C=[Ru](Cl)(Cl)=C2N(CCN2c3c(C)c(CN(C4CCCCC4)C5CCCCC5)c(C)c(CN(C6CCCCC6)C7CCCCC7)c3C)c8c(C)c(CN(C9CCCCC9)C%10CCCCC%10)c(C)c(CN(C%11CCCCC%11)C%12CCCCC%12)c8C,CC(C)Oc1ccccc1C=[Ru](Cl)(Cl)=C2N(CCN2c3c(C)c(CN(C4CCCCC4)C5CCCCC5)c(C)c(CN(C6CCCCC6)C7CCCCC7)c3C)c8c(C)c(CN(C9CCCCC9)C%10CCCCC%10)c(C)c(CN(C%11CCCCC%11)C%12CCCCC%12)c8C,0.5,30,25,0.717,CF,metal_catalyst,PM,300,-1.0,0.0,1,1,Cc1ccccc1,92.141,2.73,0.59,867.0,2.38,18.0,1.4,2.0,106.8,1399.969999999999,21.91992000000001,1399.969999999999,21.91992000000001,0,0,1,0,0,0,0,0,1,0,0.99602497,1.0,1.0,0.9305811,0.9586692,0.977055054,0.938231123355479,1.015878984644521
47,47,47,47,47,47,47,PMPerformance,Toluene,Cl[Ru]Cl,Cl[Ru]Cl,0.5,30,25,0.717,CF,metal_catalyst,PM,300,-1.0,0.0,1,1,Cc1ccccc1,92.141,2.73,0.59,867.0,2.38,18.0,1.4,2.0,106.8,171.976,1.3765,171.976,1.3765,0,0,1,0,0,0,0,0,1,0,0.2242187,0.07512024,-0.12675256,0.08497861,0.030566096,0.057626217199999996,-0.0988616688862754,0.2141141032862754
48,48,48,48,48,48,48,PMPerformance,Toluene,I[Pd](I)(=C1N(Cc2ccccc2)C=CN1Cc3ccccc3)=C4N(Cc5ccccc5)C=CN4Cc6ccccc6,I[Pd](I)(=C1N(Cc2ccccc2)C=CN1Cc3ccccc3)=C4N(Cc5ccccc5)C=CN4Cc6ccccc6,0.5,30,25,0.717,CF,metal_catalyst,PM,300,-1.0,0.0,1,1,Cc1ccccc1,92.141,2.73,0.59,867.0,2.38,18.0,1.4,2.0,106.8,856.8859999999997,8.703880000000003,856.8859999999997,8.703880000000003,0,0,1,0,0,0,0,0,1,0,0.9492599,0.90388006,0.9748244,0.94365263,0.9426702,0.9428574380000001,0.9113060890272023,0.9744087869727979
49,49,49,49,49,49,49,PMPerformance,Toluene,CC(O[Pd]OC(C)=O)=O,CC(O[Pd]OC(C)=O)=O,0.5,30,25,0.717,CF,metal_catalyst,PM,300,-1.0,0.0,1,1,Cc1ccccc1,92.141,2.73,0.59,867.0,2.38,18.0,1.4,2.0,106.8,224.508,0.0250999999999999,224.508,0.0250999999999999,0,0,1,0,0,0,0,0,1,0,0.6707473,0.61305946,0.6313835,0.3957328,0.69692385,0.6015693820000001,0.45300017140641546,0.7501385925935847
50,50,50,50,50,50,50,PMPerformance,Toluene,Cl[Rh]([P](c1ccccc1)(c2ccccc2)c3ccccc3)([P](c4ccccc4)(c5ccccc5)c6ccccc6)[P](c7ccccc7)(c8ccccc8)c9ccccc9,Cl[Rh]([P](c1ccccc1)(c2ccccc2)c3ccccc3)([P](c4ccccc4)(c5ccccc5)c6ccccc6)[P](c7ccccc7)(c8ccccc8)c9ccccc9,0.5,30,25,0.717,CF,metal_catalyst,PM,300,-1.0,0.0,1,1,Cc1ccccc1,92.141,2.73,0.59,867.0,2.38,18.0,1.4,2.0,106.8,925.2350000000002,11.021399999999993,925.2350000000002,11.021399999999993,0,0,1,0,0,0,0,0,1,0,0.92670643,0.9376949,0.9572499,0.95356375,0.97825706,0.950694408,0.9262103360023933,0.9751784799976068
51,51,51,51,51,51,51,PMPerformance,Toluene,CC(C)(c1cc(C(C)(C)C)c2c(C=[N]3[C@H]4CCCC[C@@H]4[N]5=Cc6c(O[Co]5(OC(C)=O)3O2)c(C(C)(C)C)cc(C(C)(C)C)c6)c1)C,CC(C)(c1cc(C(C)(C)C)c2c(C=[N]3[C@H]4CCCC[C@@H]4[N]5=Cc6c(O[Co]5(OC(C)=O)3O2)c(C(C)(C)C)cc(C(C)(C)C)c6)c1)C,0.5,30,25,0.717,CF,metal_catalyst,PM,300,-1.0,0.0,1,1,Cc1ccccc1,92.141,2.73,0.59,867.0,2.38,18.0,1.4,2.0,106.8,662.801,9.4233,662.801,9.4233,0,0,1,0,0,0,0,0,1,0,0.82475865,0.7912154,0.8389747,0.7921103,0.76825535,0.80306288,0.7677667861772353,0.8383589738227648
52,52,52,52,52,52,52,PMPerformance,Toluene,Cl[Ni]12[N]3=C(C=CC=C3N[P]2(C(C)(C)C)C(C)(C)C)N[P]1(C(C)(C)C)C(C)(C)C,Cl[Ni]12[N]3=C(C=CC=C3N[P]2(C(C)(C)C)C(C)(C)C)N[P]1(C(C)(C)C)C(C)(C)C,0.5,30,25,0.717,CF,metal_catalyst,PM,300,-1.0,0.0,1,1,Cc1ccccc1,92.141,2.73,0.59,867.0,2.38,18.0,1.4,2.0,106.8,491.6740000000003,8.580200000000003,491.6740000000003,8.580200000000003,0,0,1,0,0,0,0,0,1,0,0.8912329,0.8468436,0.6827631,0.79328966,0.80710036,0.804245924,0.7075324130001166,0.9009594349998833
53,53,53,53,53,53,53,PMPerformance,Toluene,Br[Ni]12[N]3=C(C=CC=C3N[P]2(C(C)(C)C)C(C)(C)C)N[P]1(C(C)(C)C)C(C)(C)C,Br[Ni]12[N]3=C(C=CC=C3N[P]2(C(C)(C)C)C(C)(C)C)N[P]1(C(C)(C)C)C(C)(C)C,0.5,30,25,0.717,CF,metal_catalyst,PM,300,-1.0,0.0,1,1,Cc1ccccc1,92.141,2.73,0.59,867.0,2.38,18.0,1.4,2.0,106.8,536.1250000000003,8.736300000000002,536.1250000000003,8.736300000000002,0,0,1,0,0,0,0,0,1,0,0.90549195,0.8407185,0.7332809,0.8683106,0.83577734,0.836715858,0.7571038156016595,0.9163279003983406
54,54,54,54,54,54,54,PMPerformance,Toluene,Cl[Ni]12[N]3=C(N[P]2(c4ccccc4)c5ccccc5)C=CC=C3N[P]1(c6ccccc6)c7ccccc7,Cl[Ni]12[N]3=C(N[P]2(c4ccccc4)c5ccccc5)C=CC=C3N[P]1(c6ccccc6)c7ccccc7,0.5,30,25,0.717,CF,metal_catalyst,PM,300,-1.0,0.0,1,1,Cc1ccccc1,92.141,2.73,0.59,867.0,2.38,18.0,1.4,2.0,106.8,571.6340000000001,6.6882000000000055,571.6340000000001,6.6882000000000055,0,0,1,0,0,0,0,0,1,0,0.8754033,0.8105413,0.73159075,0.90005815,0.8536651,0.8342517199999999,0.7521180236715892,0.9163854163284106
55,55,55,55,55,55,55,PMPerformance,Toluene,Cl[Ni]12[N]3=C(N[P]2(C(C)(C)C)C(C)(C)C)C=CC=C3N[P]1(c4ccccc4)c5ccccc5,Cl[Ni]12[N]3=C(N[P]2(C(C)(C)C)C(C)(C)C)C=CC=C3N[P]1(c4ccccc4)c5ccccc5,0.5,30,25,0.717,CF,metal_catalyst,PM,300,-1.0,0.0,1,1,Cc1ccccc1,92.141,2.73,0.59,867.0,2.38,18.0,1.4,2.0,106.8,531.6540000000001,7.634200000000008,531.6540000000001,7.634200000000008,0,0,1,0,0,0,0,0,1,0,0.8906795,0.8401053,0.7158214,0.87742865,0.84249425,0.83330582,0.7473439847933044,0.9192676552066955
56,56,56,56,56,56,56,PMPerformance,Toluene,[H][Ru]12(Cl)(C=O)[N]3=C(N[P](C(C)(C)C)2C(C)(C)C)C=CC=C3N[P](C(C)(C)C)1C(C)(C)C,[H][Ru]12(Cl)(C=O)[N]3=C(N[P](C(C)(C)C)2C(C)(C)C)C=CC=C3N[P](C(C)(C)C)1C(C)(C)C,0.5,30,25,0.717,CF,metal_catalyst,PM,300,-1.0,0.0,1,1,Cc1ccccc1,92.141,2.73,0.59,867.0,2.38,18.0,1.4,2.0,106.8,564.0770000000002,8.038400000000006,564.0770000000002,8.038400000000006,0,0,1,0,0,0,0,0,1,0,0.8879689,0.8102891,0.7444776,0.8489679,0.7968097,0.8177026399999999,0.7503538250602608,0.885051454939739
57,57,57,57,57,57,57,PMPerformance,Toluene,[H][Ru]12(C=O)(n3c(c4n2cccc4)cccc3N[P]1(C(C)(C)C)C(C)(C)C)Cl,[H][Ru]12(C=O)(n3c(c4n2cccc4)cccc3N[P]1(C(C)(C)C)C(C)(C)C)Cl,0.5,30,25,0.717,CF,metal_catalyst,PM,300,-1.0,0.0,1,1,Cc1ccccc1,92.141,2.73,0.59,867.0,2.38,18.0,1.4,2.0,106.8,481.95000000000016,4.954000000000005,481.95000000000016,4.954000000000005,0,0,1,0,0,0,0,0,1,0,0.5333888,0.33020163,0.3245868,0.76872814,0.5546613,0.5023133339999999,0.2734527285008317,0.7311739394991681
58,58,58,58,58,58,58,PMPerformance,Toluene,CC([P]1(NC2=CC=CC(N3)=[N]2[Mn+]1(C=O)(C=O)[P]3(C(C)(C)C)C(C)(C)C)C(C)(C)C)(C)C,CC([P]1(NC2=CC=CC(N3)=[N]2[Mn+]1(C=O)(C=O)[P]3(C(C)(C)C)C(C)(C)C)C(C)(C)C)(C)C,0.5,30,25,0.717,CF,metal_catalyst,PM,300,-1.0,0.0,1,1,Cc1ccccc1,92.141,2.73,0.59,867.0,2.38,18.0,1.4,2.0,106.8,510.5020000000004,7.342500000000007,510.5020000000004,7.342500000000007,0,0,1,0,0,0,0,0,1,0,0.89074063,0.9203174,0.8334268,0.93238103,0.873687,0.890110572,0.8412955472581536,0.9389255967418464
59,59,59,59,59,59,59,PMPerformance,Toluene,[Pd].O=C(/C=C/c1ccccc1)\C=C\c2ccccc2.O=C(/C=C/c3ccccc3)\C=C\c4ccccc4,[Pd].O=C(/C=C/c1ccccc1)\C=C\c2ccccc2.O=C(/C=C/c3ccccc3)\C=C\c4ccccc4,0.5,30,25,0.717,CF,metal_catalyst,PM,300,-1.0,0.0,1,1,Cc1ccccc1,92.141,2.73,0.59,867.0,2.38,18.0,1.4,2.0,106.8,575.0160000000003,7.962100000000007,575.0160000000003,7.962100000000007,0,0,1,0,0,0,0,0,1,0,0.83532107,0.8188342,0.8913434,0.9163545,0.91776145,0.8759229239999999,0.8185821108065183,0.9332637371934815
60,60,60,60,60,60,60,PMPerformance,Toluene,Cl[Pt]([S](C)C)(Cl)=C1N(c2c(C(C)C)cccc2C(C)C)CCN1c3c(C(C)C)cccc3C(C)C,Cl[Pt]([S](C)C)(Cl)=C1N(c2c(C(C)C)cccc2C(C)C)CCN1c3c(C(C)C)cccc3C(C)C,0.5,30,25,0.717,CF,metal_catalyst,PM,300,-1.0,0.0,1,1,Cc1ccccc1,92.141,2.73,0.59,867.0,2.38,18.0,1.4,2.0,106.8,718.7359999999999,9.499199999999998,718.7359999999999,9.499199999999998,0,0,1,0,0,0,0,0,1,0,0.9359088,0.91474545,0.9204105,0.881511,0.91051424,0.912617998,0.8879421188060811,0.9372938771939189
61,61,61,61,61,61,61,PMPerformance,Toluene,O=C(/C=C/c1ccccc1)/C=C/c2ccccc2.O=C(/C=C/c3ccccc3)/C=C/c4ccccc4.O=C(/C=C/c5ccccc5)/C=C/c6ccccc6.[Pd].[Pd],O=C(/C=C/c1ccccc1)/C=C/c2ccccc2.O=C(/C=C/c3ccccc3)/C=C/c4ccccc4.O=C(/C=C/c5ccccc5)/C=C/c6ccccc6.[Pd].[Pd],0.5,30,25,0.717,CF,metal_catalyst,PM,300,-1.0,0.0,1,1,Cc1ccccc1,92.141,2.73,0.59,867.0,2.38,18.0,1.4,2.0,106.8,915.7340000000002,11.941899999999984,915.7340000000002,11.941899999999984,0,0,1,0,0,0,0,0,1,0,0.89284784,0.89849585,1.0,0.95510185,0.9710035,0.943489808,0.8856680147624909,1.0013116012375092
62,62,62,62,62,62,62,PMPerformance,Toluene,O=C(C)O[Pd]1([P](c2ccccc2)(c3ccccc3)CCC[P](c4ccccc4)1c5ccccc5)OC(C)=O,O=C(C)O[Pd]1([P](c2ccccc2)(c3ccccc3)CCC[P](c4ccccc4)1c5ccccc5)OC(C)=O,0.5,30,25,0.717,CF,metal_catalyst,PM,300,-1.0,0.0,1,1,Cc1ccccc1,92.141,2.73,0.59,867.0,2.38,18.0,1.4,2.0,106.8,636.9610000000002,5.667400000000005,636.9610000000002,5.667400000000005,0,0,1,0,0,0,0,0,1,0,0.87401617,0.8127402,0.84120107,0.892082,0.86203676,0.8564152399999999,0.818384569216838,0.8944459107831618
63,63,63,63,63,63,63,PMPerformance,Toluene,[H][Rh]([C]=O)([C]=O)[C]=O,[H][Rh]([C]=O)([C]=O)[C]=O,0.5,30,25,0.717,CF,metal_catalyst,PM,300,-1.0,0.0,1,1,Cc1ccccc1,92.141,2.73,0.59,867.0,2.38,18.0,1.4,2.0,106.8,187.944,-1.4615,187.944,-1.4615,0,0,1,0,0,0,0,0,1,0,0.60947216,0.53067565,0.6931804,0.26368433,0.83850247,0.5871030020000001,0.3217104512659719,0.8524955527340283
64,64,64,64,64,64,64,PMPerformance,Toluene,CCCC[N+](CCCC)(CCCC)CCCC.CCCC[N+](CCCC)(CCCC)CCCC.CCCC[N+](CCCC)(CCCC)CCCC.CCCC[N+](CCCC)(CCCC)CCCC.O=[W]([O-])([O-])=O.O=[W]([O-])([O-])=O.O=[W]([O-])([O-])=O.O=[W]([O-])([O-])=O.O=[W]([O-])([O-])=O.O=[W]([O-])([O-])=O.O=[W]([O-])([O-])=O.O=[W]([O-])([O-])=O.O=[W]([O-])([O-])=O.O=[W]([O-])([O-])=O,CCCC[N+](CCCC)(CCCC)CCCC.CCCC[N+](CCCC)(CCCC)CCCC.CCCC[N+](CCCC)(CCCC)CCCC.CCCC[N+](CCCC)(CCCC)CCCC.O=[W]([O-])([O-])=O.O=[W]([O-])([O-])=O.O=[W]([O-])([O-])=O.O=[W]([O-])([O-])=O.O=[W]([O-])([O-])=O.O=[W]([O-])([O-])=O.O=[W]([O-])([O-])=O.O=[W]([O-])([O-])=O.O=[W]([O-])([O-])=O.O=[W]([O-])([O-])=O,0.5,30,25,0.717,CF,metal_catalyst,PM,300,-1.0,0.0,1,1,Cc1ccccc1,92.141,2.73,0.59,867.0,2.38,18.0,1.4,2.0,106.8,3448.2439999999947,-6.166599999999975,3448.2439999999947,-6.166599999999975,0,0,1,0,0,0,0,0,1,0,1.0,0.9915265,1.0,1.0,0.90070957,0.978447214,0.9242966513128233,1.0325977766871768
65,65,65,65,65,65,65,PMPerformance,Toluene,Cl[Ru]12([P](C3CCCCC3)(CC(OC(C)(C)O4)C4C[P]1(C5CCCCC5)C6CCCCC6)C7CCCCC7)([N]8=C(NC9=C8C=CC=C9)C(C)[NH2]2)Cl,Cl[Ru]12([P](C3CCCCC3)(CC(OC(C)(C)O4)C4C[P]1(C5CCCCC5)C6CCCCC6)C7CCCCC7)([N]8=C(NC9=C8C=CC=C9)C(C)[NH2]2)Cl,0.5,30,25,0.717,CF,metal_catalyst,PM,300,-1.0,0.0,1,1,Cc1ccccc1,92.141,2.73,0.59,867.0,2.38,18.0,1.4,2.0,106.8,855.9189999999994,12.760199999999982,855.9189999999994,12.760199999999982,0,0,1,0,0,0,0,0,1,0,0.9474734,0.936672,0.9617497,0.91745883,0.9062549,0.9339217659999999,0.9061428241740543,0.9617007078259454
66,66,66,66,66,66,66,PMPerformance,Toluene,Cl[Ru]1([N]2=C(C(C3=CC=CC=C3)(O1)C4=CC=CC=C4)C=CC=C2)(=CC5=CC=CC=C5)=C6N(CCN6C7=C(C=C(C=C7C)C)C)C8=C(C=C(C=C8C)C)C,Cl[Ru]1([N]2=C(C(C3=CC=CC=C3)(O1)C4=CC=CC=C4)C=CC=C2)(=CC5=CC=CC=C5)=C6N(CCN6C7=C(C=C(C=C7C)C)C)C8=C(C=C(C=C8C)C)C,0.5,30,25,0.717,CF,metal_catalyst,PM,300,-1.0,0.0,1,1,Cc1ccccc1,92.141,2.73,0.59,867.0,2.38,18.0,1.4,2.0,106.8,793.4169999999996,10.428019999999997,793.4169999999996,10.428019999999997,0,0,1,0,0,0,0,0,1,0,0.9298636,0.9449591,0.9816867,0.9164199,0.9355391,0.94169368,0.9111105465959358,0.9722768134040641
67,67,67,67,67,67,67,PMPerformance,Toluene,Cl[Ru](Cl)([P](C1CCCCC1)(C2CCCCC2)C3CCCCC3)([P](C4CCCCC4)(C5CCCCC5)C6CCCCC6)=Cc7ccccc7,Cl[Ru](Cl)([P](C1CCCCC1)(C2CCCCC2)C3CCCCC3)([P](C4CCCCC4)(C5CCCCC5)C6CCCCC6)=Cc7ccccc7,0.5,30,25,0.717,CF,metal_catalyst,PM,300,-1.0,0.0,1,1,Cc1ccccc1,92.141,2.73,0.59,867.0,2.38,18.0,1.4,2.0,106.8,822.9729999999996,15.69549999999996,822.9729999999996,15.69549999999996,0,0,1,0,0,0,0,0,1,0,0.9428371,0.99005675,0.99134624,0.92364275,0.9312632,0.9558292079999999,0.9153976657829995,0.9962607502170003
68,68,68,68,68,68,68,PMPerformance,Toluene,CC(C)c1c(N2/C(N(c3c(C(C)C)cccc3C(C)C)C=C2)=[Au]/OS(=O)(C(F)(F)F)=O)c(C(C)C)ccc1,CC(C)c1c(N2/C(N(c3c(C(C)C)cccc3C(C)C)C=C2)=[Au]/OS(=O)(C(F)(F)F)=O)c(C(C)C)ccc1,0.5,30,25,0.717,CF,metal_catalyst,PM,300,-1.0,0.0,1,1,Cc1ccccc1,92.141,2.73,0.59,867.0,2.38,18.0,1.4,2.0,106.8,734.6350000000001,8.157290000000007,734.6350000000001,8.157290000000007,0,0,1,0,0,0,0,0,1,0,0.9158827,0.8766879,0.9187827,0.87270343,0.9153242,0.899876186,0.8712346201523891,0.9285177518476109
69,69,69,69,69,69,69,PMPerformance,Toluene,O=S(O/[Au]=C1N(c2c(C(c3ccccc3)c4ccccc4)cccc2C(c5ccccc5)c6ccccc6)C=CN\1c7c(C(c8ccccc8)c9ccccc9)cccc7C(c%10ccccc%10)c%11ccccc%11)(C(F)(F)F)=O,O=S(O/[Au]=C1N(c2c(C(c3ccccc3)c4ccccc4)cccc2C(c5ccccc5)c6ccccc6)C=CN\1c7c(C(c8ccccc8)c9ccccc9)cccc7C(c%10ccccc%10)c%11ccccc%11)(C(F)(F)F)=O,0.5,30,25,0.717,CF,metal_catalyst,PM,300,-1.0,0.0,1,1,Cc1ccccc1,92.141,2.73,0.59,867.0,2.38,18.0,1.4,2.0,106.8,1231.2030000000002,16.384489999999968,1231.2030000000002,16.384489999999968,0,0,1,0,0,0,0,0,1,0,0.98046374,0.96016216,1.0,0.9795972,0.9798106,0.98000674,0.9625134519413828,0.9975000280586171
70,70,70,70,70,70,70,PMPerformance,Toluene,CC(C)c1c(N2/C(N(c3c(C(C)C)cccc3C(C)C)C=C2)=[Au]\O)c(C(C)C)ccc1,CC(C)c1c(N2/C(N(c3c(C(C)C)cccc3C(C)C)C=C2)=[Au]\O)c(C(C)C)ccc1,0.5,30,25,0.717,CF,metal_catalyst,PM,300,-1.0,0.0,1,1,Cc1ccccc1,92.141,2.73,0.59,867.0,2.38,18.0,1.4,2.0,106.8,602.573,7.283390000000008,602.573,7.283390000000008,0,0,1,0,0,0,0,0,1,0,0.8617405,0.79663134,0.8898989,0.8837663,0.8888863,0.864184668,0.8152047659383049,0.9131645700616952
71,71,71,71,71,71,71,PMPerformance,Toluene,CC(C)c1c(N2/C(N(c3c(C(C)C)cccc3C(C)C)C=C2)=[Au]\CC(C)=O)c(C(C)C)ccc1,CC(C)c1c(N2/C(N(c3c(C(C)C)cccc3C(C)C)C=C2)=[Au]\CC(C)=O)c(C(C)C)ccc1,0.5,30,25,0.717,CF,metal_catalyst,PM,300,-1.0,0.0,1,1,Cc1ccccc1,92.141,2.73,0.59,867.0,2.38,18.0,1.4,2.0,106.8,642.6379999999999,8.383390000000006,642.6379999999999,8.383390000000006,0,0,1,0,0,0,0,0,1,0,0.89558804,0.86464137,0.92615247,0.8827701,0.89940965,0.893712326,0.8655810755101823,0.9218435764898176
72,72,72,72,72,72,72,PMPerformance,Toluene,CC(C)c1c(N2/C(N(c3c(C(C)C)cccc3C(C)C)CC2CC45CC6CC(CC(C5)C6)C4)=[Au]/CC(C)=O)c(C(C)C)ccc1,CC(C)c1c(N2/C(N(c3c(C(C)C)cccc3C(C)C)CC2CC45CC6CC(CC(C5)C6)C4)=[Au]/CC(C)=O)c(C(C)C)ccc1,0.5,30,25,0.717,CF,metal_catalyst,PM,300,-1.0,0.0,1,1,Cc1ccccc1,92.141,2.73,0.59,867.0,2.38,18.0,1.4,2.0,106.8,792.9030000000002,10.659099999999992,792.9030000000002,10.659099999999992,0,0,1,0,0,0,0,0,1,0,0.92177653,0.8878262,0.9506315,0.88878155,0.89777887,0.90935893,0.8760484921425615,0.9426693678574385
73,73,73,73,73,73,73,PMPerformance,Toluene,CC(C)c1c(N2/C(N(c3c(C(C)C)cccc3C(C)C)C=C2)=[Au]/[O+](/[Au]=C4N(c5c(C(C)C)cccc5C(C)C)C=CN/4c6c(C(C)C)cccc6C(C)C)[H])c(C(C)C)ccc1,CC(C)c1c(N2/C(N(c3c(C(C)C)cccc3C(C)C)C=C2)=[Au]/[O+](/[Au]=C4N(c5c(C(C)C)cccc5C(C)C)C=CN/4c6c(C(C)C)cccc6C(C)C)[H])c(C(C)C)ccc1,0.5,30,25,0.717,CF,metal_catalyst,PM,300,-1.0,0.0,1,1,Cc1ccccc1,92.141,2.73,0.59,867.0,2.38,18.0,1.4,2.0,106.8,1188.138999999999,15.123779999999964,1188.138999999999,15.123779999999964,0,0,1,0,0,0,0,0,1,0,0.9848397,0.9671072,1.0,0.93475807,0.9673522,0.970811434,0.9405603009237091,1.001062567076291
74,74,74,74,74,74,74,PMPerformance,Toluene,O[Fe]12(n3c(c4n1c(N[P]2(C(C)(C)C)C(C)(C)C)ccc4)cccc3)O,O[Fe]12(n3c(c4n1c(N[P]2(C(C)(C)C)C(C)(C)C)ccc4)cccc3)O,0.5,30,25,0.717,CF,metal_catalyst,PM,300,-1.0,0.0,1,1,Cc1ccccc1,92.141,2.73,0.59,867.0,2.38,18.0,1.4,2.0,106.8,405.2600000000001,3.692300000000004,405.2600000000001,3.692300000000004,0,0,1,0,0,0,0,0,1,0,0.5880157,0.31999916,0.24695343,0.5672558,0.3368742,0.41181965800000003,0.21902744210147085,0.6046118738985292
75,75,75,75,75,75,75,PMPerformance,Toluene,CCCCCCCC[P](CCCCCCCC)(CCCCCCCC)[Co]([C]=O)([C]=O)[C]=O,CCCCCCCC[P](CCCCCCCC)(CCCCCCCC)[Co]([C]=O)([C]=O)[C]=O,0.5,30,25,0.717,CF,metal_catalyst,PM,300,-1.0,0.0,1,1,Cc1ccccc1,92.141,2.73,0.59,867.0,2.38,18.0,1.4,2.0,106.8,513.6090000000004,8.356000000000007,513.6090000000004,8.356000000000007,0,0,1,0,0,0,0,0,1,0,0.87155604,0.845569,0.86490405,0.8391825,0.8433081,0.8529039380000001,0.8350604132752613,0.8707474627247389
76,76,76,76,76,76,76,PMPerformance,Toluene,CC1(C)c2c(Oc3c1cccc3[P](c4ccccc4)(c5ccccc5)[Pd+]67O[C-](C)C=C(O7)C)c([P]6(c8ccccc8)c9ccccc9)ccc2,CC1(C)c2c(Oc3c1cccc3[P](c4ccccc4)(c5ccccc5)[Pd+]67O[C-](C)C=C(O7)C)c([P]6(c8ccccc8)c9ccccc9)ccc2,0.5,30,25,0.717,CF,metal_catalyst,PM,300,-1.0,0.0,1,1,Cc1ccccc1,92.141,2.73,0.59,867.0,2.38,18.0,1.4,2.0,106.8,784.1610000000002,9.035990000000004,784.1610000000002,9.035990000000004,0,0,1,0,0,0,0,0,1,0,0.91338575,0.883325,0.9123211,0.9242314,0.9180677,0.91026619,0.8906762823758676,0.9298560976241323
77,77,77,77,77,77,77,PMPerformance,Toluene,CC(Oc1c(C=[Ru](Cl)(Cl)=C2N(c3c(C)cc(C)cc3C)C(CC(CCCC)CC)CN2c4c(C)cc(C)cc4C)cccc1)C,CC(Oc1c(C=[Ru](Cl)(Cl)=C2N(c3c(C)cc(C)cc3C)C(CC(CCCC)CC)CN2c4c(C)cc(C)cc4C)cccc1)C,0.5,30,25,0.717,CF,metal_catalyst,PM,300,-1.0,0.0,1,1,Cc1ccccc1,92.141,2.73,0.59,867.0,2.38,18.0,1.4,2.0,106.8,738.8500000000001,11.02541999999999,738.8500000000001,11.02541999999999,0,0,1,0,0,0,0,0,1,0,0.93221915,0.91668737,0.9564669,0.8936472,0.91608346,0.923020816,0.8942052570866911,0.9518363749133089
78,78,78,78,78,78,78,PMPerformance,Toluene,CC(C)Oc1ccccc1C=[Ru](Cl)(Cl)=C2N(CCN2c3c(C)cc(OCC45CC6CC(CC(C5)C6)C4)cc3C)c7c(C)cc(OCC89CC%10CC(CC(C9)C%10)C8)cc7C,CC(C)Oc1ccccc1C=[Ru](Cl)(Cl)=C2N(CCN2c3c(C)cc(OCC45CC6CC(CC(C5)C6)C4)cc3C)c7c(C)cc(OCC89CC%10CC(CC(C9)C%10)C8)cc7C,0.5,30,25,0.717,CF,metal_catalyst,PM,300,-1.0,0.0,1,1,Cc1ccccc1,92.141,2.73,0.59,867.0,2.38,18.0,1.4,2.0,106.8,927.0759999999992,12.62387999999998,927.0759999999992,12.62387999999998,0,0,1,0,0,0,0,0,1,0,0.9390894,0.9420394,0.97739804,0.9229578,0.9005742,0.9364117679999999,0.901379813134631,0.9714437228653688
79,79,79,79,79,79,79,PMPerformance,Toluene,CC(C)Oc1ccccc1C=[Ru](Cl)(Cl)=C2N(CCN2c3c(C)cc(OCCOCCOC)cc3C)c4c(C)cc(OCCOCCOC)cc4C,CC(C)Oc1ccccc1C=[Ru](Cl)(Cl)=C2N(CCN2c3c(C)cc(OCCOCCOC)cc3C)c4c(C)cc(OCCOCCOC)cc4C,0.5,30,25,0.717,CF,metal_catalyst,PM,300,-1.0,0.0,1,1,Cc1ccccc1,92.141,2.73,0.59,867.0,2.38,18.0,1.4,2.0,106.8,834.8439999999996,7.517080000000009,834.8439999999996,7.517080000000009,0,0,1,0,0,0,0,0,1,0,0.91492724,0.8944074,0.9329498,0.8697331,0.86321425,0.8950463579999999,0.8583890131970707,0.931703702802929
80,80,80,80,80,80,80,PMPerformance,Toluene,CC(C)Oc1ccc(c2c(C)cccc2)cc1C=[Ru](Cl)(Cl)=C3N(CCN3c4c(C)cc(C)cc4C)c5c(C)cc(C)cc5C,CC(C)Oc1ccc(c2c(C)cccc2)cc1C=[Ru](Cl)(Cl)=C3N(CCN3c4c(C)cc(C)cc4C)c5c(C)cc(C)cc5C,0.5,30,25,0.717,CF,metal_catalyst,PM,300,-1.0,0.0,1,1,Cc1ccccc1,92.141,2.73,0.59,867.0,2.38,18.0,1.4,2.0,106.8,716.7589999999998,10.025739999999995,716.7589999999998,10.025739999999995,0,0,1,0,0,0,0,0,1,0,0.9212622,0.91619533,0.95909846,0.8925909,0.91706586,0.92124255,0.8914885229096844,0.9509965770903156
81,81,81,81,81,81,81,PMPerformance,Toluene,CC(C)Oc1ccc(c2cc(C(C)(C)C)c(OCCCC)c(C(C)(C)C)c2)cc1C=[Ru](Cl)(Cl)=C3N(CCN3c4c(C)cc(C)cc4C)c5c(C)cc(C)cc5C,CC(C)Oc1ccc(c2cc(C(C)(C)C)c(OCCCC)c(C(C)(C)C)c2)cc1C=[Ru](Cl)(Cl)=C3N(CCN3c4c(C)cc(C)cc4C)c5c(C)cc(C)cc5C,0.5,30,25,0.717,CF,metal_catalyst,PM,300,-1.0,0.0,1,1,Cc1ccccc1,92.141,2.73,0.59,867.0,2.38,18.0,1.4,2.0,106.8,887.0549999999995,13.491219999999975,887.0549999999995,13.491219999999975,0,0,1,0,0,0,0,0,1,0,0.92803884,0.9405835,0.9808204,0.87259007,0.9148704,0.9273806419999999,0.8785393922607448,0.976221891739255
82,82,82,82,82,82,82,PMPerformance,Toluene,O=C(C(F)(F)F)O[Pd]OC(C(F)(F)F)=O,O=C(C(F)(F)F)O[Pd]OC(C(F)(F)F)=O,0.5,30,25,0.717,CF,metal_catalyst,PM,300,-1.0,0.0,1,1,Cc1ccccc1,92.141,2.73,0.59,867.0,2.38,18.0,1.4,2.0,106.8,332.44800000000004,1.1099,332.44800000000004,1.1099,0,0,1,0,0,0,0,0,1,0,0.79153305,0.5473332,0.4393926,0.46060508,0.59381825,0.566536436,0.39190317562894783,0.7411696963710522
83,83,83,83,83,83,83,PMPerformance,Toluene,CC(O[Pd](OC(C)=O)([P](c1ccccc1)(c2ccccc2)c3ccccc3)[P](c4ccccc4)(c5ccccc5)c6ccccc6)=O,CC(O[Pd](OC(C)=O)([P](c1ccccc1)(c2ccccc2)c3ccccc3)[P](c4ccccc4)(c5ccccc5)c6ccccc6)=O,0.5,30,25,0.717,CF,metal_catalyst,PM,300,-1.0,0.0,1,1,Cc1ccccc1,92.141,2.73,0.59,867.0,2.38,18.0,1.4,2.0,106.8,749.0920000000001,6.914700000000008,749.0920000000001,6.914700000000008,0,0,1,0,0,0,0,0,1,0,0.89388514,0.87676823,0.883479,0.9190863,0.91862583,0.8983689,0.8739428407768082,0.9227949592231919
84,84,84,84,84,84,84,PMPerformance,Toluene,CC1(c2c(Oc3c1cccc3[P](c4ccccc4)([Pd][P]5(c6ccccc6)c7ccccc7)c8ccccc8)c5ccc2)C,CC1(c2c(Oc3c1cccc3[P](c4ccccc4)([Pd][P]5(c6ccccc6)c7ccccc7)c8ccccc8)c5ccc2)C,0.5,30,25,0.717,CF,metal_catalyst,PM,300,-1.0,0.0,1,1,Cc1ccccc1,92.141,2.73,0.59,867.0,2.38,18.0,1.4,2.0,106.8,685.052,7.632100000000009,685.052,7.632100000000009,0,0,1,0,0,0,0,0,1,0,0.8938007,0.8757406,0.9248951,0.91820526,0.91595787,0.9057199060000001,0.8803551819904436,0.9310846300095565
85,85,85,85,85,85,85,PMPerformance,Toluene,c1([P]([Pd]([P](c2ccccc2)(c3ccccc3)c4ccccc4)([P](c5ccccc5)(c6ccccc6)c7ccccc7)[P](c8ccccc8)(c9ccccc9)c%10ccccc%10)(c%11ccccc%11)c%12ccccc%12)ccccc1,c1([P]([Pd]([P](c2ccccc2)(c3ccccc3)c4ccccc4)([P](c5ccccc5)(c6ccccc6)c7ccccc7)[P](c8ccccc8)(c9ccccc9)c%10ccccc%10)(c%11ccccc%11)c%12ccccc%12)ccccc1,0.5,30,25,0.717,CF,metal_catalyst,PM,300,-1.0,0.0,1,1,Cc1ccccc1,92.141,2.73,0.59,867.0,2.38,18.0,1.4,2.0,106.8,1155.5880000000002,13.77669999999998,1155.5880000000002,13.77669999999998,0,0,1,0,0,0,0,0,1,0,0.9475163,0.9690829,0.9912412,0.9772014,1.0,0.9770083599999999,0.9516846461344779,1.002332073865522
86,86,86,86,86,86,86,PMPerformance,Toluene,O=C1[Co](C2=O)([C]=O)([C]=O)([C]=O)[Co]12([C]=O)([C]=O)[C]=O,O=C1[Co](C2=O)([C]=O)([C]=O)([C]=O)[Co]12([C]=O)([C]=O)[C]=O,0.5,30,25,0.717,CF,metal_catalyst,PM,300,-1.0,0.0,1,1,Cc1ccccc1,92.141,2.73,0.59,867.0,2.38,18.0,1.4,2.0,106.8,341.94600000000014,-1.9776,341.94600000000014,-1.9776,0,0,1,0,0,0,0,0,1,0,0.649165,0.281718,0.42187905,0.40757316,0.7144973,0.49496650200000003,0.2707565315146114,0.7191764724853886
87,87,87,87,87,87,87,PMPerformance,Toluene,CCCCCCCC[P](CCCCCCCC)([Co]12([C]=O)([C]=O)[Co](C2=O)([C]=O)([C]=O)([P](CCCCCCCC)(CCCCCCCC)CCCCCCCC)C1=O)CCCCCCCC,CCCCCCCC[P](CCCCCCCC)([Co]12([C]=O)([C]=O)[Co](C2=O)([C]=O)([C]=O)([P](CCCCCCCC)(CCCCCCCC)CCCCCCCC)C1=O)CCCCCCCC,0.5,30,25,0.717,CF,metal_catalyst,PM,300,-1.0,0.0,1,1,Cc1ccccc1,92.141,2.73,0.59,867.0,2.38,18.0,1.4,2.0,106.8,1027.217999999998,17.916199999999975,1027.217999999998,17.916199999999975,0,0,1,0,0,0,0,0,1,0,0.9533222,0.94378847,0.97309554,0.89846635,0.8546598,0.924666472,0.8653792696531892,0.9839536743468107
88,88,88,88,88,88,88,PMPerformance,Toluene,[H]O(c1c(/C=N/CC/N=C/c2ccccc23)cccc1)[Ni]O3[H],[H]O(c1c(/C=N/CC/N=C/c2ccccc23)cccc1)[Ni]O3[H],0.5,30,25,0.717,CF,metal_catalyst,PM,300,-1.0,0.0,1,1,Cc1ccccc1,92.141,2.73,0.59,867.0,2.38,18.0,1.4,2.0,106.8,327.009,2.633300000000001,327.009,2.633300000000001,0,0,1,0,0,0,0,0,1,0,0.6155048,0.26023796,0.39886078,0.36471695,0.6106595,0.449995998,0.2545557931124809,0.6454362028875191
89,89,89,89,89,89,89,PMPerformance,Toluene,FC1=CC(F)=CC2=C1C3=CC=CC=[N]3[Ir]245([N]6=C(C(O5)=O)C=CC=C6)[N]7=CC=CC=C7C8=C4C=C(F)C=C8F,FC1=CC(F)=CC2=C1C3=CC=CC=[N]3[Ir]245([N]6=C(C(O5)=O)C=CC=C6)[N]7=CC=CC=C7C8=C4C=C(F)C=C8F,0.5,30,25,0.717,CF,metal_catalyst,PM,300,-1.0,0.0,1,1,Cc1ccccc1,92.141,2.73,0.59,867.0,2.38,18.0,1.4,2.0,106.8,694.6640000000001,5.103000000000002,694.6640000000001,5.103000000000002,0,0,1,0,0,0,0,0,1,0,0.81086075,0.93971765,0.75087506,0.8266863,0.87761724,0.8411514,0.7526493143960934,0.9296534856039066
90,90,90,90,90,90,90,PMPerformance,Toluene,Fc1c(F)c(F)c(C(N=c(c2c(F)c(F)c(F)c(F)c23)n4c3=NC5=[N](C(c6c5c(F)c(F)c(F)c6F)=N7)[Cu]894)=[N]9C%10=Nc%11n8c7c%12c(F)c(F)c(F)c(F)c%11%12)c%10c1F,Fc1c(F)c(F)c(C(N=c(c2c(F)c(F)c(F)c(F)c23)n4c3=NC5=[N](C(c6c5c(F)c(F)c(F)c6F)=N7)[Cu]894)=[N]9C%10=Nc%11n8c7c%12c(F)c(F)c(F)c(F)c%11%12)c%10c1F,0.5,30,25,0.717,CF,metal_catalyst,PM,300,-1.0,0.0,1,1,Cc1ccccc1,92.141,2.73,0.59,867.0,2.38,18.0,1.4,2.0,106.8,863.9219999999999,7.073900000000002,863.9219999999999,7.073900000000002,0,0,1,0,0,0,0,0,1,0,0.50333524,0.6007928,0.57790273,0.48851302,0.5522047,0.544549698,0.48508886336450124,0.6040105326354986
91,91,91,91,91,91,91,PMPerformance,Toluene,CC1=CC(C2=CC=C(C)C=C2[Ir+3]345([N](C=C6)=C(C7=[N]5C=CC(C(C)(C)C)=C7)C=C6C(C)(C)C)[N](C=C8)=C(C9=CC=C(C)C=C94)C=C8C)=[N]3C=C1,CC1=CC(C2=CC=C(C)C=C2[Ir+3]345([N](C=C6)=C(C7=[N]5C=CC(C(C)(C)C)=C7)C=C6C(C)(C)C)[N](C=C8)=C(C9=CC=C(C)C=C94)C=C8C)=[N]3C=C1,0.5,30,25,0.717,CF,metal_catalyst,PM,300,-1.0,0.0,1,1,Cc1ccccc1,92.141,2.73,0.59,867.0,2.38,18.0,1.4,2.0,106.8,825.1129999999998,9.816179999999996,825.1129999999998,9.816179999999996,0,0,1,0,0,0,0,0,1,0,0.93317646,0.9124573,0.9648337,0.89299643,0.92464244,0.9256212659999999,0.8925750139778016,0.9586675180221983
92,92,92,92,92,92,92,PMPerformance,Toluene,CC(c1cc(C(C)(C)C)c(O[Co]23Oc4c(C=[N]2[C@@H]5CCCC[C@H]5[N]3=C6)cc(C(C)(C)C)cc4C(C)(C)C)c6c1)(C)C,CC(c1cc(C(C)(C)C)c(O[Co]23Oc4c(C=[N]2[C@@H]5CCCC[C@H]5[N]3=C6)cc(C(C)(C)C)cc4C(C)(C)C)c6c1)(C)C,0.5,30,25,0.717,CF,metal_catalyst,PM,300,-1.0,0.0,1,1,Cc1ccccc1,92.141,2.73,0.59,867.0,2.38,18.0,1.4,2.0,106.8,603.7570000000002,9.4095,603.7570000000002,9.4095,0,0,1,0,0,0,0,0,1,0,0.7847326,0.66519684,0.7571713,0.77682596,0.7832309,0.75343152,0.6906863017622743,0.8161767382377257
93,93,93,93,93,93,93,PMPerformance,Toluene,Br[Mn]12([NH](CC[P](C(C)C)2C(C)C)CC[P](C(C)C)1C(C)C)(C=O)C=O,Br[Mn]12([NH](CC[P](C(C)C)2C(C)C)CC[P](C(C)C)1C(C)C)(C=O)C=O,0.5,30,25,0.717,CF,metal_catalyst,PM,300,-1.0,0.0,1,1,Cc1ccccc1,92.141,2.73,0.59,867.0,2.38,18.0,1.4,2.0,106.8,498.3050000000002,5.4683000000000055,498.3050000000002,5.4683000000000055,0,0,1,0,0,0,0,0,1,0,0.8111408,0.74173975,0.77546483,0.82279843,0.7670531,0.7836393819999999,0.742517679317659,0.8247610846823409
