solute_smiles_1,solvent,membrane,solvent_smiles,solvent_viscosity,solvent_density,permeance,solute_diffusivity_1,solute_density_1,solute_mw_1,solute_solubility_1,solute_rejection_1,solute_molar_volume_1,solute_permeance_1,solute_cost_1
Cl[Pd]12C3=C(C[P](C4=CC=CC=C4)2C5=CC=CC=C5)C=C(OCCOC(C=C6C[P](C7=CC=CC=C7)8C9=CC=CC=C9)=CC%10=C6[Pd]8(Cl)[P](C%10)(C%11=CC=CC=C%11)C%12=CC=CC=C%12)C=C3C[P](C%13=CC=CC=C%13)1C%14=CC=CC=C%14,Toluene,GMT-oNF-2,Cc1ccccc1,0.00059,867.0,9.472222222222224e-13,1e-09,1300,1.2860677549119999,10000,0.9948843,0.000989282888393846,1.4559595347511321e-08,
Cl[Pd]12[P](CC3=C1C(C[P](C4=CC=CC=C4)2C5=CC=CC=C5)=CC(OCC6=CC=C(C7=CC=C(COC(C=C8C[P](C9=CC=CC=C9)%10C%11=CC=CC=C%11)=CC%12=C8[Pd]%10(Cl)[P](C%12)(C%13=CC=CC=C%13)C%14=CC=CC=C%14)C=C7)C=C6)=C3)(C%15=CC=CC=C%15)C%16=CC=CC=C%16,Toluene,GMT-oNF-2,Cc1ccccc1,0.00059,867.0,9.472222222222224e-13,1e-09,1300,1.4381303551679998,10000,0.99729166,0.0011062541193599998,7.701663877623273e-09,
Cl[Pd]12C3=C(C[P](C4=CC=CC=C4)2C5=CC=CC=C5)C=C(OCC6=CC(COC(C=C7C[P](C8=CC=CC=C8)9C%10=CC=CC=C%10)=CC%11=C7[Pd]9(Cl)[P](C%11)(C%12=CC=CC=C%12)C%13=CC=CC=C%13)=CC(COC(C=C%14C[P](C%15=CC=CC=C%15)%16C%17=CC=CC=C%17)=CC%18=C%14[Pd]%16(Cl)[P](C%18)(C%19=CC=CC=C%19)C%20=CC=CC=C%20)=C6)C=C3C[P](C%21=CC=CC=C%21)1C%22=CC=CC=C%22,Toluene,GMT-oNF-2,Cc1ccccc1,0.00059,867.0,9.472222222222224e-13,1e-09,1300,2.0041251074639996,10000,0.999948668,0.0015416346980492305,1.4586959118204204e-10,
Cl[Pd]12[P](CC3=C1C(C[P](C4=CC=CC=C4)2C5=CC=CC=C5)=CC(OCC(C=C6)=CC=C6C7=CC(C8=CC=C(COC9=CC(C[P](C%10=CC=CC=C%10)%11C%12=CC=CC=C%12)=C([Pd]%13%11Cl)C(C[P](C%14=CC=CC=C%14)%13C%15=CC=CC=C%15)=C9)C=C8)=CC(C%16=CC=C(COC(C=C%17C[P](C%18=CC=CC=C%18)%19C%20=CC=CC=C%20)=CC%21=C%17[Pd]%19(Cl)[P](C%21)(C%22=CC=CC=C%22)C%23=CC=CC=C%23)C=C%16)=C7)=C3)(C%24=CC=CC=C%24)C%25=CC=CC=C%25,Toluene,GMT-oNF-2,Cc1ccccc1,0.00059,867.0,9.472222222222224e-13,1e-09,1300,2.2322190078479993,10000,0.9993854,0.001717091544498461,1.746622555068082e-09,
Cl[Pd]12[P](CC3=C1C(C[P](C4=CC=CC=C4)2C5=CC=CC=C5)=CC(OCC(COC(C=C6C[P](C7=CC=CC=C7)8C9=CC=CC=C9)=CC%10=C6[Pd]8(Cl)[P](C%10)(C%11=CC=CC=C%11)C%12=CC=CC=C%12)(COC%13=CC(C[P](C%14=CC=CC=C%14)%15C%16=CC=CC=C%16)=C([Pd]%17%15Cl)C(C[P](C%18=CC=CC=C%18)%17C%19=CC=CC=C%19)=C%13)COC%20=CC(C[P](C%21=CC=CC=C%21)%22C%23=CC=CC=C%23)=C([Pd]%24%22Cl)C(C[P](C%25=CC=CC=C%25)%24C%26=CC=CC=C%26)=C%20)=C3)(C%27=CC=CC=C%27)C%28=CC=CC=C%28,Toluene,GMT-oNF-2,Cc1ccccc1,0.00059,867.0,9.472222222222224e-13,1e-09,1300,2.5841355098239993,10000,1.0,0.001987796546018461,0.0,
Cl[Pd]12[P](CC3=C1C(C[P](C4=CC=CC=C4)2C5=CC=CC=C5)=CC(OCC(C=C6)=CC=C6C(C7=CC=C(COC(C=C8C[P](C9=CC=CC=C9)%10C%11=CC=CC=C%11)=CC%12=C8[Pd]%10(Cl)[P](C%12)(C%13=CC=CC=C%13)C%14=CC=CC=C%14)C=C7)(C%15=CC=C(COC(C=C%16C[P](C%17=CC=CC=C%17)%18C%19=CC=CC=C%19)=CC%20=C%16[Pd]%18(Cl)[P](C%20)(C%21=CC=CC=C%21)C%22=CC=CC=C%22)C=C%15)C%23=CC=C(COC%24=CC(C[P](C%25=CC=CC=C%25)%26C%27=CC=CC=C%27)=C([Pd]%28%26Cl)C(C[P](C%29=CC=CC=C%29)%28C%30=CC=CC=C%30)=C%24)C=C%23)=C3)(C%31=CC=CC=C%31)C%32=CC=CC=C%32,Toluene,GMT-oNF-2,Cc1ccccc1,0.00059,867.0,9.472222222222224e-13,1e-09,1300,2.8882607103359996,10000,1.0,0.002221739007950769,0.0,
Cl[Pd]12C3=C(C[P](C4=CC=CC=C4)2C5=CC=CC=C5)C=C(OCC(C=C6)=CC=C6C7=C(C8=CC=C(COC9=CC(C[P](C%10=CC=CC=C%10)%11C%12=CC=CC=C%12)=C([Pd]%13%11Cl)C(C[P](C%14=CC=CC=C%14)%13C%15=CC=CC=C%15)=C9)C=C8)C(C%16=CC=C(COC%17=CC(C[P](C%18=CC=CC=C%18)%19C%20=CC=CC=C%20)=C([Pd]%21%19Cl)C(C[P](C%22=CC=CC=C%22)%21C%23=CC=CC=C%23)=C%17)C=C%16)=C(C%24=CC=C(COC(C=C%25C[P](C%26=CC=CC=C%26)%27C%28=CC=CC=C%28)=CC%29=C%25[Pd]%27(Cl)[P](C%29)(C%30=CC=CC=C%30)C%31=CC=CC=C%31)C=C%24)C(C%32=CC=C(COC(C=C%33C[P](C%34=CC=CC=C%34)%35C%36=CC=CC=C%36)=CC%37=C%33[Pd]%35(Cl)[P](C%37)(C%38=CC=CC=C%38)C%39=CC=CC=C%39)C=C%32)=C7C%40=CC=C(COC(C=C%41C[P](C%42=CC=CC=C%42)%43C%44=CC=CC=C%44)=CC%45=C%41[Pd]%43(Cl)[P](C%45)(C%46=CC=CC=C%46)C%47=CC=CC=C%47)C=C%40)C=C3C[P](C%48=CC=CC=C%48)1C%49=CC=CC=C%49,Toluene,GMT-oNF-2,Cc1ccccc1,0.00059,867.0,9.472222222222224e-13,1e-09,1300,4.386391065504,10000,1.0,0.0033741469734646155,0.0,
O[C@@H]1[C@@H](O)[C@H](O[C@@H]2[C@H](O)[C@@H](O)[C@H](O3)[C@@H](COC4=CC(C[P](C5=CC=CC=C5)6C7=CC=CC=C7)=C([Pd]86Cl)C(C[P](C9=CC=CC=C9)8C%10=CC=CC=C%10)=C4)O2)[C@@H](COC%11=CC(C[P](C%12=CC=CC=C%12)%13C%14=CC=CC=C%14)=C([Pd]%15%13Cl)C(C[P](C%16=CC=CC=C%16)%15C%17=CC=CC=C%17)=C%11)O[C@@H]1O[C@H]%18[C@H](O)[C@@H](O)[C@@H](O[C@@H]%19[C@@H](O)[C@H](O)[C@H](O[C@@H]%20[C@@H](O)[C@H](O)[C@H](O[C@@H]%21[C@@H](O)[C@H](O)[C@H](O[C@@H]%22[C@@H](O)[C@H](O)[C@H]3O[C@H]%22COC%23=CC(C[P](C%24=CC=CC=C%24)%25C%26=CC=CC=C%26)=C([Pd]%27%25Cl)C(C[P](C%28=CC=CC=C%28)%27C%29=CC=CC=C%29)=C%23)O[C@H]%21COC%30=CC(C[P](C%31=CC=CC=C%31)%32C%33=CC=CC=C%33)=C([Pd]%34%32Cl)C(C[P](C%35=CC=CC=C%35)%34C%36=CC=CC=C%36)=C%30)O[C@H]%20COC%37=CC(C[P](C%38=CC=CC=C%38)%39C%40=CC=CC=C%40)=C([Pd]%41%39Cl)C(C[P](C%42=CC=CC=C%42)%41C%43=CC=CC=C%43)=C%37)O[C@H]%19COC%44=CC(C[P](C%45=CC=CC=C%45)%46C%47=CC=CC=C%47)=C([Pd]%48%46Cl)C(C[P](C%49=CC=CC=C%49)%48C%50=CC=CC=C%50)=C%44)O[C@@H]%18COC%51=CC(C[P](C%52=CC=CC=C%52)%53C%54=CC=CC=C%54)=C([Pd]%55%53Cl)C(C[P](C%56=CC=CC=C%56)%55C%57=CC=CC=C%57)=C%51,Toluene,GMT-oNF-2,Cc1ccccc1,0.00059,867.0,9.472222222222224e-13,1e-09,1300,5.418478178119998,10000,1.0,0.004168060137015383,0.0,
CC1=CC(C2=CC(COCCOCC3=CC=[N]4[Ru]56([N]7=CC=CC=C7C8=[N]5C=CC=C8)([N]9=C(C%10=CC=CC=[N]6%10)C=CC=C9)[N]%11=C(C=C(C=C%11)C)C4=C3)=CC=[N]2[Ru]%12%13([N]%14=C(C%15=CC=CC=[N]%15%13)C=CC=C%14)%16[N]%17=CC=CC=C%17C%18=[N]%12C=CC=C%18)=[N]%16C=C1,Toluene,GMT-oNF-2,Cc1ccccc1,0.00059,867.0,9.472222222222224e-13,1e-09,1300,1.2542892676959998,10000,0.917963478,0.0009648378982276922,2.3922182473161777e-07,
CC1=CC=[N]([Ru]23([N]4=C(C5=CC=CC=[N]53)C=CC=C4)6[N]7=CC=CC=C7C8=[N]2C=CC=C8)C(C9=[N]6C=CC(COC%10=CC=C(C%11=CC=C(OCC%12=CC=[N]%13[Ru]%14%15([N]%16=CC=CC=C%16C%17=[N]%14C=CC=C%17)([N]%18=C(C%19=CC=CC=[N]%15%19)C=CC=C%18)[N]%20=C(C=C(C=C%20)C)C%13=C%12)C=C%11)C=C%10)=C9)=C1,Toluene,GMT-oNF-2,Cc1ccccc1,0.00059,867.0,9.472222222222224e-13,1e-09,1300,1.3783205678239998,10000,0.94855831,0.001060246590633846,1.4829305563273425e-07,
CC1=CC(C2=CC(COC3=CC(OCC4=CC=[N]5[Ru]67([N]8=CC=CC=C8C9=[N]6C=CC=C9)([N]%10=C(C%11=CC=CC=[N]7%11)C=CC=C%10)[N]%12=C(C=C(C=C%12)C)C5=C4)=CC(OCC%13=CC=[N]([Ru]%14%15([N]%16=C(C%17=CC=CC=[N]%17%15)C=CC=C%16)%18[N]%19=CC=CC=C%19C%20=[N]%14C=CC=C%20)C(C%21=[N]%18C=CC(C)=C%21)=C%13)=C3)=CC=[N]2[Ru]%22%23([N]%24=C(C%25=CC=CC=[N]%25%23)C=CC=C%24)%26[N]%27=CC=CC=C%27C%28=[N]%22C=CC=C%28)=[N]%26C=C1,Toluene,GMT-oNF-2,Cc1ccccc1,0.00059,867.0,9.472222222222224e-13,1e-09,1300,1.9144104264479997,10000,0.986283548,0.0014726234049599997,3.9067668759634284e-08,
CC1=CC(C2=CC(COC(C=C3)=CC=C3C4=CC(C5=CC=C(OCC6=CC=[N]7[Ru]89([N]%10=CC=CC=C%10C%11=[N]8C=CC=C%11)([N]%12=C(C%13=CC=CC=[N]9%13)C=CC=C%12)[N]%14=C(C=C(C=C%14)C)C7=C6)C=C5)=CC(C%15=CC=C(OCC%16=CC=[N]%17[Ru]%18%19([N]%20=CC=CC=C%20C%21=[N]%18C=CC=C%21)([N]%22=C(C%23=CC=CC=[N]%19%23)C=CC=C%22)[N]%24=C(C=C(C=C%24)C)C%17=C%16)C=C%15)=C4)=CC=[N]2[Ru]%25%26([N]%27=C(C%28=CC=CC=[N]%28%26)C=CC=C%27)%29[N]%30=CC=CC=C%30C%31=[N]%25C=CC=C%31)=[N]%29C=C1,Toluene,GMT-oNF-2,Cc1ccccc1,0.00059,867.0,9.472222222222224e-13,1e-09,1300,2.1425043268319994,10000,0.999234462,0.0016480802514092304,2.1756302154585543e-09,
CC1=CC=[N]([Ru]23([N]4=C(C5=CC=CC=[N]53)C=CC=C4)6[N]7=CC=CC=C7C8=[N]2C=CC=C8)C(C9=[N]6C=CC(COCC(COCC%10=CC=[N]([Ru]%11%12([N]%13=C(C%14=CC=CC=[N]%14%12)C=CC=C%13)%15[N]%16=CC=CC=C%16C%17=[N]%11C=CC=C%17)C(C%18=[N]%15C=CC(C)=C%18)=C%10)(COCC(C=C%19)=CC%20=[N]%19[Ru]%21%22([N]%23=CC=C(C=C%23%20)C)([N]%24=C(C%25=CC=CC=[N]%22%25)C=CC=C%24)[N]%26=CC=CC=C%26C%27=[N]%21C=CC=C%27)COCC%28=CC=[N]%29[Ru]%30%31([N]%32=CC=CC=C%32C%33=[N]%30C=CC=C%33)([N]%34=C(C%35=CC=CC=[N]%31%35)C=CC=C%34)[N]%36=C(C=C(C=C%36)C)C%29=C%28)=C9)=C1,Toluene,GMT-oNF-2,Cc1ccccc1,0.00059,867.0,9.472222222222224e-13,1e-09,1300,2.5205785353920005,10000,1.0,0.0019389065656861542,0.0,
CC(C=C1)=CC2=[N]1[Ru]34([N]5=CC=C(C=C52)COC(C=C6)=CC=C6C(C7=CC=C(OCC8=CC(C9=CC(C)=CC=[N]9[Ru]%10%11([N]%12=C(C%13=CC=CC=[N]%13%11)C=CC=C%12)%14[N]%15=CC=CC=C%15C%16=[N]%10C=CC=C%16)=[N]%14C=C8)C=C7)(C%17=CC=C(OCC%18=CC=[N]%19[Ru]%20%21([N]%22=CC=CC=C%22C%23=[N]%20C=CC=C%23)([N]%24=C(C%25=CC=CC=[N]%21%25)C=CC=C%24)[N]%26=C(C=C(C=C%26)C)C%19=C%18)C=C%17)C%27=CC=C(OCC%28=CC(C%29=CC(C)=CC=[N]%29[Ru]%30%31([N]%32=C(C%33=CC=CC=[N]%33%31)C=CC=C%32)%34[N]%35=CC=CC=C%35C%36=[N]%30C=CC=C%36)=[N]%34C=C%28)C=C%27)([N]%37=C(C%38=CC=CC=[N]4%38)C=CC=C%37)[N]%39=CC=CC=C%39C%40=[N]3C=CC=C%40,Toluene,GMT-oNF-2,Cc1ccccc1,0.00059,867.0,9.472222222222224e-13,1e-09,1300,2.7686411356480005,10000,1.0,0.002129723950498462,0.0,
CC1=CC=[N]2[Ru]34([N]5=CC=CC=C5C6=[N]3C=CC=C6)([N]7=C(C8=CC=CC=[N]48)C=CC=C7)[N]9=C(C=C(C=C9)COC(C=C%10)=CC=C%10C%11=C(C%12=CC=C(OCC%13=CC=[N]%14[Ru]%15%16([N]%17=CC=CC=C%17C%18=[N]%15C=CC=C%18)([N]%19=C(C%20=CC=CC=[N]%16%20)C=CC=C%19)[N]%21=C(C=C(C=C%21)C)C%14=C%13)C=C%12)C(C%22=CC=C(OCC%23=CC=[N]%24[Ru]%25%26([N]%27=CC=CC=C%27C%28=[N]%25C=CC=C%28)([N]%29=C(C%30=CC=CC=[N]%26%30)C=CC=C%29)[N]%31=C(C=C(C=C%31)C)C%24=C%23)C=C%22)=C(C%32=CC=C(OCC%33=CC=[N]%34[Ru]%35%36([N]%37=CC=CC=C%37C%38=[N]%35C=CC=C%38)([N]%39=C(C%40=CC=CC=[N]%36%40)C=CC=C%39)[N]%41=C(C=C(C=C%41)C)C%34=C%33)C=C%32)C(C%42=CC=C(OCC%43=CC=[N]%44[Ru]%45%46([N]%47=CC=CC=C%47C%48=[N]%45C=CC=C%48)([N]%49=C(C%50=CC=CC=[N]%46%50)C=CC=C%49)[N]%51=C(C=C(C=C%51)C)C%44=C%43)C=C%42)=C%11C%52=CC=C(OCC%53=CC=[N]%54[Ru]%55%56([N]%57=CC=CC=C%57C%58=[N]%55C=CC=C%58)([N]%59=C(C%60=CC=CC=[N]%56%60)C=CC=C%59)[N]%61=C(C=C(C=C%61)C)C%54=C%53)C=C%52)C2=C1,Toluene,GMT-oNF-2,Cc1ccccc1,0.00059,867.0,9.472222222222224e-13,1e-09,1300,4.206961703472003,10000,1.0,0.003236124387286156,0.0,
O[C@@H]1[C@@H](O)[C@H](O[C@@H]2[C@H](O)[C@@H](O)[C@H](O3)[C@@H](COCC4=CC(C5=CC(C)=CC=[N]5[Ru]67([N]8=C(C9=CC=CC=[N]97)C=CC=C8)%10[N]%11=CC=CC=C%11C%12=[N]6C=CC=C%12)=[N]%10C=C4)O2)[C@@H](COCC(C=C%13)=CC%14=[N]%13[Ru]%15%16([N]%17=CC=C(C=C%17%14)C)([N]%18=C(C%19=CC=CC=[N]%16%19)C=CC=C%18)[N]%20=CC=CC=C%20C%21=[N]%15C=CC=C%21)O[C@@H]1O[C@H]%22[C@H](O)[C@@H](O)[C@@H](O[C@@H]%23[C@@H](O)[C@H](O)[C@H](O[C@@H]%24[C@@H](O)[C@H](O)[C@H](O[C@@H]%25[C@@H](O)[C@H](O)[C@H](O[C@@H]%26[C@@H](O)[C@H](O)[C@H]3O[C@H]%26COCC%27=CC=[N]%28[Ru]%29%30([N]%31=CC=CC=C%31C%32=[N]%29C=CC=C%32)([N]%33=C(C%34=CC=CC=[N]%30%34)C=CC=C%33)[N]%35=C(C=C(C=C%35)C)C%28=C%27)O[C@H]%25COCC(C=C%36)=CC%37=[N]%36[Ru]%38%39([N]%40=CC=C(C=C%40%37)C)([N]%41=C(C%42=CC=CC=[N]%39%42)C=CC=C%41)[N]%43=CC=CC=C%43C%44=[N]%38C=CC=C%44)O[C@H]%24COCC%45=CC=[N]%46[Ru]%47%48([N]%49=CC=CC=C%49C%50=[N]%47C=CC=C%50)([N]%51=C(C%52=CC=CC=[N]%48%52)C=CC=C%51)[N]%53=C(C=C(C=C%53)C)C%46=C%45)O[C@H]%23COCC%54=CC=[N]%55[Ru]%56%57([N]%58=CC=CC=C%58C%59=[N]%56C=CC=C%59)([N]%60=C(C%61=CC=CC=[N]%57%61)C=CC=C%60)[N]%62=C(C=C(C=C%62)C)C%55=C%54)O[C@@H]%22COCC(C=C%63)=CC%64=[N]%63[Ru]%65%66([N]%67=CC=C(C=C%67%64)C)([N]%68=C(C%69=CC=CC=[N]%66%69)C=CC=C%68)[N]%70=CC=CC=C%70C%71=[N]%65C=CC=C%71,Toluene,GMT-oNF-2,Cc1ccccc1,0.00059,867.0,9.472222222222224e-13,1e-09,1300,5.307253472864004,10000,1.0,0.0040825026714338495,0.0,
CC1=CC(C)=CC(C)=C1N2CCN(C3=C(C)C=C(C)C=C3C)C2[Ru]4(Cl)(Cl)=CC5=CC(OCCOC6=CC=C7O(C(C)C)[Ru](C8N(C9=C(C)C=C(C)C=C9C)CCN8C%10=C(C)C=C(C)C=C%10C)(Cl)(Cl)=CC7=C6)=CC=C5O4C(C)C,Toluene,GMT-oNF-2,Cc1ccccc1,0.00059,867.0,9.472222222222224e-13,1e-09,1300,1.31230206636,10000,0.954155154,0.0010094631279692309,1.3205901613749283e-07,
CC1=CC(C)=CC(C)=C1N2CCN(C3=C(C)C=C(C)C=C3C)C2[Ru]4(Cl)(Cl)=CC5=CC(OCC6=CC=C(C7=CC=C(COC8=CC=C9C(C=[Ru](Cl)(Cl)(C(N(CC%10)C(C(C)=CC(C)=C%11)=C%11C)N%10C(C(C)=CC(C)=C%12)=C%12C)O9C(C)C)=C8)C=C7)C=C6)=CC=C5O4C(C)C,Toluene,GMT-oNF-2,Cc1ccccc1,0.00059,867.0,9.472222222222224e-13,1e-09,1300,1.4643646666159997,10000,0.972629852,0.0011264343589353844,7.83248840526861e-08,
CC1=CC(C)=CC(C)=C1N2CCN(C3=C(C)C=C(C)C=C3C)C2[Ru]4(Cl)(Cl)=CC5=CC(OCC6=CC(COC7=CC=C8O(C(C)C)[Ru](C9N(C%10=C(C)C=C(C)C=C%10C)CCN9C%11=C(C)C=C(C)C=C%11C)(Cl)(Cl)=CC8=C7)=CC(COC%12=CC=C%13C(C=[Ru](Cl)(Cl)(C(N(CC%14)C(C(C)=CC(C)=C%15)=C%15C)N%14C(C(C)=CC(C)=C%16)=C%16C)O%13C(C)C)=C%12)=C6)=CC=C5O4C(C)C,Toluene,GMT-oNF-2,Cc1ccccc1,0.00059,867.0,9.472222222222224e-13,1e-09,1300,2.0434765746359997,10000,0.993316048,0.0015719050574123075,1.90125067983108e-08,
CC(O1C(C(C=[Ru]1(Cl)(C(N(CC2)C(C(C)=CC(C)=C3)=C3C)N2C(C(C)=CC(C)=C4)=C4C)Cl)=C5)=CC=C5OCC(C=C6)=CC=C6C7=CC(C8=CC=C(COC9=CC=C%10C(C=[Ru](Cl)(Cl)(C(N(CC%11)C(C(C)=CC(C)=C%12)=C%12C)N%11C(C(C)=CC(C)=C%13)=C%13C)O%10C(C)C)=C9)C=C8)=CC(C%14=CC=C(COC%15=CC=C%16O(C(C)C)[Ru](C%17N(C%18=C(C)C=C(C)C=C%18C)CCN%17C%19=C(C)C=C(C)C=C%19C)(Cl)(Cl)=CC%16=C%15)C=C%14)=C7)C,Toluene,GMT-oNF-2,Cc1ccccc1,0.00059,867.0,9.472222222222224e-13,1e-09,1300,2.27157047502,10000,0.99703939,0.0017473619038615384,8.4160700828474e-09,
CC1=CC(C)=CC(C)=C1N2CCN(C3=C(C)C=C(C)C=C3C)C2[Ru]4(Cl)(Cl)=CC5=CC(OCC(COC6=CC=C7C(C=[Ru](Cl)(Cl)(C(N(CC8)C(C(C)=CC(C)=C9)=C9C)N8C(C(C)=CC(C)=C%10)=C%10C)O7C(C)C)=C6)(COC%11=CC=C%12C(C=[Ru](Cl)(Cl)(C(N(CC%13)C(C(C)=CC(C)=C%14)=C%14C)N%13C(C(C)=CC(C)=C%15)=C%15C)O%12C(C)C)=C%11)COC%16=CC=C%17O(C(C)C)[Ru](C%18N(C%19=C(C)C=C(C)C=C%19C)CCN%18C%20=C(C)C=C(C)C=C%20C)(Cl)(Cl)=CC%17=C%16)=CC=C5O4C(C)C,Toluene,GMT-oNF-2,Cc1ccccc1,0.00059,867.0,9.472222222222224e-13,1e-09,1300,2.6366041327199996,10000,0.99890163,0.0020281570251692305,3.1214955622106113e-09,
CC1=CC(C)=CC(C)=C1N2CCN(C3=C(C)C=C(C)C=C3C)C2[Ru]4(Cl)(Cl)=CC5=CC(OCC(C=C6)=CC=C6C(C7=CC=C(COC8=CC=C9C(C=[Ru](Cl)(Cl)(C(N(CC%10)C(C(C)=CC(C)=C%11)=C%11C)N%10C(C(C)=CC(C)=C%12)=C%12C)O9C(C)C)=C8)C=C7)(C%13=CC=C(COC%14=CC=C%15O(C(C)C)[Ru](C%16N(C%17=C(C)C=C(C)C=C%17C)CCN%16C%18=C(C)C=C(C)C=C%18C)(Cl)(Cl)=CC%15=C%14)C=C%13)C%19=CC=C(COC%20=CC=C%21O(C(C)C)[Ru](C%22N(C%23=C(C)C=C(C)C=C%23C)CCN%22C%24=C(C)C=C(C)C=C%24C)(Cl)(Cl)=CC%21=C%20)C=C%19)=CC=C5O4C(C)C,Toluene,GMT-oNF-2,Cc1ccccc1,0.00059,867.0,9.472222222222224e-13,1e-09,1300,2.9407293332320004,10000,0.999265814,0.002262099487101539,2.086410882890877e-09,
CC1=CC(C)=CC(C)=C1N2CCN(C3=C(C)C=C(C)C=C3C)C2[Ru]4(Cl)(Cl)=CC5=CC(OCC(C=C6)=CC=C6C7=C(C8=CC=C(COC9=CC=C%10C(C=[Ru](Cl)(Cl)(C(N(CC%11)C(C(C)=CC(C)=C%12)=C%12C)N%11C(C(C)=CC(C)=C%13)=C%13C)O%10C(C)C)=C9)C=C8)C(C%14=CC=C(COC%15=CC=C%16O(C(C)C)[Ru](C%17N(C%18=C(C)C=C(C)C=C%18C)CCN%17C%19=C(C)C=C(C)C=C%19C)(Cl)(Cl)=CC%16=C%15)C=C%14)=C(C%20=CC=C(COC%21=CC=C%22O(C(C)C)[Ru](C%23N(C%24=C(C)C=C(C)C=C%24C)CCN%23C%25=C(C)C=C(C)C=C%25C)(Cl)(Cl)=CC%22=C%21)C=C%20)C(C%26=CC=C(COC%27=CC=C%28C(C=[Ru](Cl)(Cl)(C(N(CC%29)C(C(C)=CC(C)=C%30)=C%30C)N%29C(C(C)=CC(C)=C%31)=C%31C)O%28C(C)C)=C%27)C=C%26)=C7C%32=CC=C(COC%33=CC=C%34O(C(C)C)[Ru](C%35N(C%36=C(C)C=C(C)C=C%36C)CCN%35C%37=C(C)C=C(C)C=C%37C)(Cl)(Cl)=CC%34=C%33)C=C%32)=CC=C5O4C(C)C,Toluene,GMT-oNF-2,Cc1ccccc1,0.00059,867.0,9.472222222222224e-13,1e-09,1300,4.465093999848001,10000,1.0,0.00343468769219077,0.0,
O[C@H]1C(O)[C@@H](O[C@H]2[C@@H](O)C(O)[C@@H](O3)[C@@H](COC4=CC=C5O(C(C)C)[Ru](C6N(C7=C(C)C=C(C)C=C7C)CCN6C8=C(C)C=C(C)C=C8C)(Cl)(Cl)=CC5=C4)O2)[C@@H](COC9=CC=C%10C(C=[Ru](Cl)(Cl)(C(N(CC%11)C(C(C)=CC(C)=C%12)=C%12C)N%11C(C(C)=CC(C)=C%13)=C%13C)O%10C(C)C)=C9)O[C@@H]1O[C@@H]%14C(O)[C@H](O)[C@@H](O[C@@H]%15C(O)[C@H](O)[C@@H](O[C@@H]%16C(O)[C@H](O)[C@@H](O[C@@H]%17C(O)[C@H](O)[C@H](O[C@@H]%18C(O)[C@H](O)[C@H]3O[C@@H]%18COC%19=CC=C%20C(C=[Ru](Cl)(Cl)(C(N(CC%21)C(C(C)=CC(C)=C%22)=C%22C)N%21C(C(C)=CC(C)=C%23)=C%23C)O%20C(C)C)=C%19)O[C@@H]%17COC%24=CC=C%25C(C=[Ru](Cl)(Cl)(C(N(CC%26)C(C(C)=CC(C)=C%27)=C%27C)N%26C(C(C)=CC(C)=C%28)=C%28C)O%25C(C)C)=C%24)O[C@@H]%16COC%29=CC=C%30O(C(C)C)[Ru](C%31N(C%32=C(C)C=C(C)C=C%32C)CCN%31C%33=C(C)C=C(C)C=C%33C)(Cl)(Cl)=CC%30=C%29)O[C@@H]%15COC%34=CC=C%35O(C(C)C)[Ru](C%36N(C%37=C(C)C=C(C)C=C%37C)CCN%36C%38=C(C)C=C(C)C=C%38C)(Cl)(Cl)=CC%35=C%34)O[C@@H]%14COC%39=CC=C%40C(C=[Ru](Cl)(Cl)(C(N(CC%41)C(C(C)=CC(C)=C%42)=C%42C)N%41C(C(C)=CC(C)=C%43)=C%43C)O%40C(C)C)=C%39,Toluene,GMT-oNF-2,Cc1ccccc1,0.00059,867.0,9.472222222222224e-13,1e-09,1300,5.510298268188001,10000,1.0,0.004238690975529232,0.0,
O=C(NC(C=C1)=CC2=C1OCCOCCOC(C=CC=C3)=C3OCCOCCO2)OCCOC(NC4=CC5=C(OCCOCCOC6=C(OCCOCCO5)C=CC=C6)C=C4)=O,Toluene,GMT-oNF-2,Cc1ccccc1,0.00059,867.0,9.472222222222224e-13,1e-09,1300,0.864331683584,10000,0.8544668639999999,0.0006648705258338462,4.423358007995795e-07,
O=C(NC(C=C1)=CC2=C1OCCOCCOC(C=CC=C3)=C3OCCOCCO2)NCC4=CC=C(C5=CC=C(CNC(NC(C=C6)=CC7=C6OCCOCCOC(C=CC=C8)=C8OCCOCCO7)=O)C=C5)C=C4,Toluene,GMT-oNF-2,Cc1ccccc1,0.00059,867.0,9.472222222222224e-13,1e-09,1300,1.0144262526640002,10000,0.918584174,0.0007803278866646156,2.389181053856963e-07,
O=C(NC(C=C1)=CC2=C1OCCOCCOC(C=CC=C3)=C3OCCOCCO2)NCC4=CC(CNC(NC(C=C5)=CC6=C5OCCOCCOC(C=CC=C7)=C7OCCOCCO6)=O)=CC(CNC(NC8=CC9=C(OCCOCCOC%10=C(OCCOCCO9)C=CC=C%10)C=C8)=O)=C4,Toluene,GMT-oNF-2,Cc1ccccc1,0.00059,867.0,9.472222222222224e-13,1e-09,1300,1.368568953708,10000,0.901446528,0.0010527453490061537,2.879891580352323e-07,
O=C(NC(C=C1)=CC2=C1OCCOCCOC(C=CC=C3)=C3OCCOCCO2)NCC(C=C4)=CC=C4C5=CC(C6=CC=C(CNC(NC(C=C7)=CC8=C7OCCOCCOC(C=CC=C9)=C9OCCOCCO8)=O)C=C6)=CC(C%10=CC=C(CNC(NC%11=CC%12=C(OCCOCCOC%13=C(OCCOCCO%12)C=CC=C%13)C=C%11)=O)C=C%10)=C5,Toluene,GMT-oNF-2,Cc1ccccc1,0.00059,867.0,9.472222222222224e-13,1e-09,1300,1.5966628540919994,10000,0.888668214,0.0012282021954553842,3.2453370491856027e-07,
O=C(NC(C=C1)=CC2=C1OCCOCCOC(C=CC=C3)=C3OCCOCCO2)NCC(CNC(NC(C=C4)=CC5=C4OCCOCCOC(C=CC=C6)=C6OCCOCCO5)=O)(CNC(NC(C=C7)=CC8=C7OCCOCCOC(C=CC=C9)=C9OCCOCCO8)=O)CNC(NC(C=C%10)=CC%11=C%10OCCOCCOC(C=CC=C%12)=C%12OCCOCCO%11)=O,Toluene,GMT-oNF-2,Cc1ccccc1,0.00059,867.0,9.472222222222224e-13,1e-09,1300,1.7367273048159992,10000,0.8866556200000002,0.0013359440806276917,3.294951808334843e-07,
O=C(NC1=CC2=C(OCCOCCOC3=C(OCCOCCO2)C=CC=C3)C=C1)NCC(C=C4)=CC=C4C(C5=CC=C(CNC(NC(C=C6)=CC7=C6OCCOCCOC(C=CC=C8)=C8OCCOCCO7)=O)C=C5)(C9=CC=C(CNC(NC(C=C%10)=CC%11=C%10OCCOCCOC(C=CC=C%12)=C%12OCCOCCO%11)=O)C=C9)C%13=CC=C(CNC(NC(C=C%14)=CC%15=C%14OCCOCCOC(C=CC=C%16)=C%16OCCOCCO%15)=O)C=C%13,Toluene,GMT-oNF-2,Cc1ccccc1,0.00059,867.0,9.472222222222224e-13,1e-09,1300,2.040852505327999,10000,0.878766586,0.0015698865425599993,3.508611834264801e-07,
O=C(NC1=CC2=C(OCCOCCOC3=C(OCCOCCO2)C=CC=C3)C=C1)NC(C=C4)=CC=C4C5=C(C6=CC=C(NC(NC(C=C7)=CC8=C7OCCOCCOC(C=CC=C9)=C9OCCOCCO8)=O)C=C6)C(C%10=CC=C(NC(NC(C=C%11)=CC%12=C%11OCCOCCOC(C=CC=C%13)=C%13OCCOCCO%12)=O)C=C%10)=C(C%14=CC=C(NC(NC(C=C%15)=CC%16=C%15OCCOCCOC(C=CC=C%17)=C%17OCCOCCO%16)=O)C=C%14)C(C%18=CC=C(NC(NC%19=CC%20=C(OCCOCCOC%21=C(OCCOCCO%20)C=CC=C%21)C=C%19)=O)C=C%18)=C5C%22=CC=C(NC(NC%23=CC%24=C(OCCOCCOC%25=C(OCCOCCO%24)C=CC=C%25)C=C%23)=O)C=C%22,Toluene,GMT-oNF-2,Cc1ccccc1,0.00059,867.0,9.472222222222224e-13,1e-09,1300,3.031184857608001,10000,0.893843278,0.0023316806596984626,3.0357650457374904e-07,
O[C@@H]1[C@@H](O)[C@H](O[C@@H]2[C@H](O)[C@@H](O)[C@H](O3)[C@@H](COC(NC4=CC5=C(OCCOCCOC6=C(OCCOCCO5)C=CC=C6)C=C4)=O)O2)[C@@H](COC(NC7=CC8=C(OCCOCCOC9=C(OCCOCCO8)C=CC=C9)C=C7)=O)O[C@@H]1O[C@H]%10[C@H](O)[C@@H](O)[C@@H](O[C@@H]%11[C@@H](O)[C@H](O)[C@H](O[C@@H]%12[C@@H](O)[C@H](O)[C@H](O[C@@H]%13[C@@H](O)[C@H](O)[C@H](O[C@@H]%14[C@@H](O)[C@H](O)[C@H]3O[C@H]%14COC(NC%15=CC%16=C(OCCOCCOC%17=C(OCCOCCO%16)C=CC=C%17)C=C%15)=O)O[C@H]%13COC(NC%18=CC%19=C(OCCOCCOC%20=C(OCCOCCO%19)C=CC=C%20)C=C%18)=O)O[C@H]%12COC(NC(C=C%21)=CC%22=C%21OCCOCCOC(C=CC=C%23)=C%23OCCOCCO%22)=O)O[C@H]%11COC(NC(C=C%24)=CC%25=C%24OCCOCCOC(C=CC=C%26)=C%26OCCOCCO%25)=O)O[C@@H]%10COC(NC(C=C%27)=CC%28=C%27OCCOCCOC(C=CC=C%29)=C%29OCCOCCO%28)=O,Toluene,GMT-oNF-2,Cc1ccccc1,0.00059,867.0,9.472222222222224e-13,1e-09,1300,3.9424019284720035,10000,0.855306298,0.0030326168680553873,4.1268939456514006e-07,
CC[C@@H]1[C@H](C[C@H]2[C@H](C3=C4C=C(C=CC4=NC=C3)OC)NC5=C(C(C5=O)=O)NCCNC(C6=O)=C(N[C@@H](C7=C8C=C(C=CC8=NC=C7)OC)[C@@H]9C[C@@H]%10CC[N@]9C[C@@H]%10CC)C6=O)CC[N@]2C1,Toluene,GMT-oNF-2,Cc1ccccc1,0.00059,867.0,9.472222222222224e-13,1e-09,1300,0.866447931576,10000,0.8526102120000001,0.0006664984089046153,4.4831473095300866e-07,
CC[C@@H]1[C@H](C[C@H]2[C@H](C3=C4C=C(C=CC4=NC=C3)OC)NC5=C(C(C5=O)=O)NCC(C=C6)=CC=C6C7=CC=C(CNC(C8=O)=C(N[C@@H](C9=C%10C=C(C=CC%10=NC=C9)OC)[C@@H]%11C[C@@H]%12CC[N@]%11C[C@@H]%12CC)C8=O)C=C7)CC[N@]2C1,Toluene,GMT-oNF-2,Cc1ccccc1,0.00059,867.0,9.472222222222224e-13,1e-09,1300,1.018510531832,10000,0.863937288,0.0007834696398707693,4.081506741865214e-07,
COC1=CC2=C([C@H](NC(C3=O)=C(NCC4=CC(CNC5=C(C(C5=O)=O)N[C@H]([C@H]6[N@@](CC7)C[C@H](CC)[C@@H]7C6)C8=C(C=C(OC)C=C9)C9=NC=C8)=CC(CNC(C%10=O)=C(N[C@@H](C%11=C%12C=C(C=CC%12=NC=C%11)OC)[C@@H]%13C[C@@H]%14CC[N@]%13C[C@@H]%14CC)C%10=O)=C4)C3=O)[C@H]%15[N@@](CC%16)C[C@H](CC)[C@@H]%16C%15)C=CN=C2C=C1,Toluene,GMT-oNF-2,Cc1ccccc1,0.00059,867.0,9.472222222222224e-13,1e-09,1300,1.3746953724599995,10000,0.838047006,0.0010574579788153841,4.819067166202138e-07,
CC[C@@H]1[C@H](C[C@H]2[C@H](C3=C4C=C(C=CC4=NC=C3)OC)NC5=C(C(C5=O)=O)NCC(C=C6)=CC=C6C7=CC(C8=CC=C(CNC9=C(C(C9=O)=O)N[C@H]([C@H]%10[N@@](CC%11)C[C@H](CC)[C@@H]%11C%10)C%12=C(C=C(OC)C=C%13)C%13=NC=C%12)C=C8)=CC(C%14=CC=C(CNC%15=C(C(C%15=O)=O)N[C@H]([C@H]%16[N@@](CC%17)C[C@H](CC)[C@@H]%17C%16)C%18=C(C=C(OC)C=C%19)C%19=NC=C%18)C=C%14)=C7)CC[N@]2C1,Toluene,GMT-oNF-2,Cc1ccccc1,0.00059,867.0,9.472222222222224e-13,1e-09,1300,1.6027892728439994,10000,0.8447045799999999,0.001232914825264615,4.572552544719019e-07,
COC1=CC2=C([C@H](NC(C3=O)=C(NCC(CNC4=C(C(C4=O)=O)N[C@H]([C@H]5[N@@](CC6)C[C@H](CC)[C@@H]6C5)C7=C(C=C(OC)C=C8)C8=NC=C7)(CNC(C9=O)=C(N[C@@H](C%10=C%11C=C(C=CC%11=NC=C%10)OC)[C@@H]%12C[C@@H]%13CC[N@]%12C[C@@H]%13CC)C9=O)CNC(C%14=O)=C(N[C@@H](C%15=C%16C=C(C=CC%16=NC=C%15)OC)[C@@H]%17C[C@@H]%18CC[N@]%17C[C@@H]%18CC)C%14=O)C3=O)[C@H]%19[N@@](CC%20)C[C@H](CC)[C@@H]%20C%19)C=CN=C2C=C1,Toluene,GMT-oNF-2,Cc1ccccc1,0.00059,867.0,9.472222222222224e-13,1e-09,1300,1.7448958631519995,10000,0.8425874600000001,0.0013422275870399996,4.6161884712764604e-07,
COC1=CC2=C([C@H](NC(C3=O)=C(NCC(C=C4)=CC=C4C(C5=CC=C(CNC6=C(C(C6=O)=O)N[C@H]([C@H]7[N@@](CC8)C[C@H](CC)[C@@H]8C7)C9=C(C=C(OC)C=C%10)C%10=NC=C9)C=C5)(C%11=CC=C(CNC%12=C(C(C%12=O)=O)N[C@H]([C@H]%13[N@@](CC%14)C[C@H](CC)[C@@H]%14C%13)C%15=C(C=C(OC)C=C%16)C%16=NC=C%15)C=C%11)C%17=CC=C(CNC(C%18=O)=C(N[C@@H](C%19=C%20C=C(C=CC%20=NC=C%19)OC)[C@@H]%21C[C@@H]%22CC[N@]%21C[C@@H]%22CC)C%18=O)C=C%17)C3=O)[C@H]%23[N@@](CC%24)C[C@H](CC)[C@@H]%24C%23)C=CN=C2C=C1,Toluene,GMT-oNF-2,Cc1ccccc1,0.00059,867.0,9.472222222222224e-13,1e-09,1300,2.0490210636639996,10000,0.84824155,0.0015761700489723073,4.411758573087102e-07,
COC1=CC2=C([C@H](NC(C3=O)=C(NCC(C=C4)=CC=C4C5=C(C6=CC=C(CNC7=C(C(C7=O)=O)N[C@H]([C@H]8[N@@](CC9)C[C@H](CC)[C@@H]9C8)C%10=C(C=C(OC)C=C%11)C%11=NC=C%10)C=C6)C(C%12=CC=C(CNC%13=C(C(C%13=O)=O)N[C@H]([C@H]%14[N@@](CC%15)C[C@H](CC)[C@@H]%15C%14)C%16=C(C=C(OC)C=C%17)C%17=NC=C%16)C=C%12)=C(C%18=CC=C(CNC%19=C(C(C%19=O)=O)N[C@H]([C@H]%20[N@@](CC%21)C[C@H](CC)[C@@H]%21C%20)C%22=C(C=C(OC)C=C%23)C%23=NC=C%22)C=C%18)C(C%24=CC=C(CNC%25=C(C(C%25=O)=O)N[C@H]([C@H]%26[N@@](CC%27)C[C@H](CC)[C@@H]%27C%26)C%28=C(C=C(OC)C=C%29)C%29=NC=C%28)C=C%24)=C5C%30=CC=C(CNC%31=C(C(C%31=O)=O)N[C@H]([C@H]%32[N@@](CC%33)C[C@H](CC)[C@@H]%33C%32)C%34=C(C=C(OC)C=C%35)C%35=NC=C%34)C=C%30)C3=O)[C@H]%36[N@@](CC%37)C[C@H](CC)[C@@H]%37C%36)C=CN=C2C=C1,Toluene,GMT-oNF-2,Cc1ccccc1,0.00059,867.0,9.472222222222224e-13,1e-09,1300,3.1275315954960017,10000,0.859058292,0.002405793534996924,4.03598595699321e-07,
O[C@@H]1[C@@H](O)[C@H](O[C@@H]2[C@H](O)[C@@H](O)[C@H](O3)[C@@H](CNC(C4=O)=C(N[C@@H](C5=C6C=C(C=CC6=NC=C5)OC)[C@@H]7C[C@@H]8CC[N@]7C[C@@H]8CC)C4=O)O2)[C@@H](CNC9=C(C(C9=O)=O)N[C@H]([C@H]%10[N@@](CC%11)C[C@H](CC)[C@@H]%11C%10)C%12=C(C=C(OC)C=C%13)C%13=NC=C%12)O[C@@H]1O[C@H]%14[C@H](O)[C@@H](O)[C@@H](O[C@@H]%15[C@@H](O)[C@H](O)[C@H](O[C@@H]%16[C@@H](O)[C@H](O)[C@H](O[C@@H]%17[C@@H](O)[C@H](O)[C@H](O[C@@H]%18[C@@H](O)[C@H](O)[C@H]3O[C@H]%18CNC%19=C(C(C%19=O)=O)N[C@H]([C@H]%20[N@@](CC%21)C[C@H](CC)[C@@H]%21C%20)C%22=C(C=C(OC)C=C%23)C%23=NC=C%22)O[C@H]%17CNC%24=C(C(C%24=O)=O)N[C@H]([C@H]%25[N@@](CC%26)C[C@H](CC)[C@@H]%26C%25)C%27=C(C=C(OC)C=C%28)C%28=NC=C%27)O[C@H]%16CNC(C%29=O)=C(N[C@@H](C%30=C%31C=C(C=CC%31=NC=C%30)OC)[C@@H]%32C[C@@H]%33CC[N@]%32C[C@@H]%33CC)C%29=O)O[C@H]%15CNC(C%34=O)=C(N[C@@H](C%35=C%36C=C(C=CC%36=NC=C%35)OC)[C@@H]%37C[C@@H]%38CC[N@]%37C[C@@H]%38CC)C%34=O)O[C@@H]%14CNC%39=C(C(C%39=O)=O)N[C@H]([C@H]%40[N@@](CC%41)C[C@H](CC)[C@@H]%41C%40)C%42=C(C=C(OC)C=C%43)C%43=NC=C%42,Toluene,GMT-oNF-2,Cc1ccccc1,0.00059,867.0,9.472222222222224e-13,1e-09,1300,3.9498087964440036,10000,0.854445554,0.0030383144588030796,4.151428901565587e-07,
P(OC1=CC=CC=C1)(OC2=CC=CC=C2)OCCOP(OC3=CC=CC=C3)OC4=CC=CC=C4,Toluene,GMT-oNF-2,Cc1ccccc1,0.00059,867.0,9.472222222222224e-13,1e-09,1300,0.4941048117479999,10000,0.825127962,0.0003800806244215384,5.585776812732219e-07,
C1(C2=CC=C(OP(OC3=CC=CC=C3)OC4=CC=CC=C4)C=C2)=CC=C(OP(OC5=CC=CC=C5)OC6=CC=CC=C6)C=C1,Toluene,GMT-oNF-2,Cc1ccccc1,0.00059,867.0,9.472222222222224e-13,1e-09,1300,0.6181361118759999,10000,0.907156698,0.00047548931682769223,2.783613146691213e-07,
C1(OP(OC2=CC=CC=C2)OC3=CC=CC=C3)=CC(OP(OC4=CC=CC=C4)OC5=CC=CC=C5)=CC(OP(OC6=CC=CC=C6)OC7=CC=CC=C7)=C1,Toluene,GMT-oNF-2,Cc1ccccc1,0.00059,867.0,9.472222222222224e-13,1e-09,1300,0.774133742526,10000,0.93484886,0.0005954874942507692,1.9119469214814371e-07,
C1(C2=CC=C(OP(OC3=CC=CC=C3)OC4=CC=CC=C4)C=C2)=CC(C5=CC=C(OP(OC6=CC=CC=C6)OC7=CC=CC=C7)C=C5)=CC(C8=CC=C(OP(OC9=CC=CC=C9)OC%10=CC=CC=C%10)C=C8)=C1,Toluene,GMT-oNF-2,Cc1ccccc1,0.00059,867.0,9.472222222222224e-13,1e-09,1300,1.00222764291,10000,0.97478288,0.0007709443407000001,7.237623565023588e-08,
P(OC1=CC=CC=C1)(OC2=CC=CC=C2)OCC(COP(OC3=CC=CC=C3)OC4=CC=CC=C4)(COP(OC5=CC=CC=C5)OC6=CC=CC=C6)COP(OC7=CC=CC=C7)OC8=CC=CC=C8,Toluene,GMT-oNF-2,Cc1ccccc1,0.00059,867.0,9.472222222222224e-13,1e-09,1300,1.000209623496,10000,0.965486894,0.0007693920180738462,9.942645748528246e-08,
C1(C(C2=CC=C(OP(OC3=CC=CC=C3)OC4=CC=CC=C4)C=C2)(C5=CC=C(OP(OC6=CC=CC=C6)OC7=CC=CC=C7)C=C5)C8=CC=C(OP(OC9=CC=CC=C9)OC%10=CC=CC=C%10)C=C8)=CC=C(OP(OC%11=CC=CC=C%11)OC%12=CC=CC=C%12)C=C1,Toluene,GMT-oNF-2,Cc1ccccc1,0.00059,867.0,9.472222222222224e-13,1e-09,1300,1.248272223752,10000,0.971976852,0.0009602094028861539,8.03362992593441e-08,
C1(C2=CC=C(OP(OC3=CC=CC=C3)OC4=CC=CC=C4)C=C2)=C(C5=CC=C(OP(OC6=CC=CC=C6)OC7=CC=CC=C7)C=C5)C(C8=CC=C(OP(OC9=CC=CC=C9)OC%10=CC=CC=C%10)C=C8)=C(C%11=CC=C(OP(OC%12=CC=CC=C%12)OC%13=CC=CC=C%13)C=C%11)C(C%14=CC=C(OP(OC%15=CC=CC=C%15)OC%16=CC=CC=C%16)C=C%14)=C1C%17=CC=C(OP(OC%18=CC=CC=C%18)OC%19=CC=CC=C%19)C=C%17,Toluene,GMT-oNF-2,Cc1ccccc1,0.00059,867.0,9.472222222222224e-13,1e-09,1300,1.9264083356279993,10000,0.930993638,0.0014818525658676918,1.9836869410231078e-07,
O[C@@H]1[C@@H](O)[C@H](O[C@@H]2[C@H](O)[C@@H](O)[C@H](O3)[C@@H](COP(OC4=CC=CC=C4)OC5=CC=CC=C5)O2)[C@@H](COP(OC6=CC=CC=C6)OC7=CC=CC=C7)O[C@@H]1O[C@H]8[C@H](O)[C@@H](O)[C@@H](O[C@@H]9[C@@H](O)[C@H](O)[C@H](O[C@@H]%10[C@@H](O)[C@H](O)[C@H](O[C@@H]%11[C@@H](O)[C@H](O)[C@H](O[C@@H]%12[C@@H](O)[C@H](O)[C@H]3O[C@H]%12COP(OC%13=CC=CC=C%13)OC%14=CC=CC=C%14)O[C@H]%11COP(OC%15=CC=CC=C%15)OC%16=CC=CC=C%16)O[C@H]%10COP(OC%17=CC=CC=C%17)OC%18=CC=CC=C%18)O[C@H]9COP(OC%19=CC=CC=C%19)OC%20=CC=CC=C%20)O[C@@H]8COP(OC%21=CC=CC=C%21)OC%22=CC=CC=C%22,Toluene,GMT-oNF-2,Cc1ccccc1,0.00059,867.0,9.472222222222224e-13,1e-09,1300,2.646607877045999,10000,0.93075122,0.0020358522131123068,1.9794705569021354e-07,
